,tweet_id,retweet_count,favorite_count,breed,retweeted_status_user_id,quotient,name,image,dog_stage
0,891815181378084864,4328,25461,chihuahua,,1.2,Archie,https://t.co/wUnZnhtVJB,
1,891689557279858688,8964,42908,labrador_retriever,,1.3,Darla,https://t.co/tD36da7qLQ,
2,891327558926688256,9774,41048,basset,,1.2,Franklin,https://t.co/AtUZn91f7f,
3,891087950875897856,3261,20562,chesapeake_bay_retriever,,1.3,,https://t.co/kQ04fDDRmh,
4,890729181411237888,16716,56848,pomeranian,,1.3,,https://t.co/v0nONBcwxq,
5,890609185150312448,4429,28226,irish_terrier,,1.3,Zoey,https://t.co/9TwLuAGH0b,
6,890006608113172480,7624,31166,samoyed,,1.3,Koda,https://t.co/dVPW0B0Mme,
7,889638837579907072,4735,27672,french_bulldog,,1.2,Ted,https://t.co/f8dEDcrKSR,
8,889278841981685760,5637,25652,whippet,,1.3,Oliver,https://t.co/WpHvrQedPb,
9,888917238123831296,4709,29611,golden_retriever,,1.2,Jim,https://t.co/chxruIOUJN,
10,888554962724278272,3732,20290,siberian_husky,,1.3,Ralphus,https://t.co/YnYAFCTTiK,
11,888078434458587136,3653,22201,french_bulldog,,1.2,Gerald,https://t.co/DK7iDPfuRX,
12,887705289381826560,5609,30779,basset,,1.3,Jeffrey,https://t.co/PhrUk20Q64,
13,887343217045368832,10737,34222,mexican_hairless,,1.3,,https://t.co/WZqNqygEyV,
14,887101392804085760,6167,31061,samoyed,,1.2,,https://t.co/4Ad1jzJSdp,
15,886983233522544640,8084,35859,chihuahua,,1.3,Maya,https://t.co/I6oNy0CgiT,
16,886736880519319552,3443,12306,kuvasz,,1.3,Mingus,https://t.co/bVi0Yr4Cff,
17,886366144734445568,3316,21524,french_bulldog,,1.2,Roscoe,https://t.co/RGE08MIJox,pupper
18,885984800019947520,7097,33382,blenheim_spaniel,,1.2,Jimbo,https://t.co/BuveP0uMF1,
19,885528943205470208,6683,36689,pug,,1.3,Maisey,https://t.co/tp1kQ8i9JF,
20,885311592912609280,19297,0,labrador_retriever,4196983835,1.3,Lilly,https://t.co/SATN4If5H5,
21,885167619883638784,4556,22367,malamute,,1.3,,https://t.co/44ItaMubBf,
22,884562892145688576,5100,24765,pug,,1.3,Kevin,https://t.co/1r4MFCbCX5,
23,884441805382717440,5856,27478,pembroke,,1.4,,https://t.co/vvBOcC2VdC,
24,883482846933004288,10407,46860,golden_retriever,,0.5,Bella,https://t.co/qjrljjt948,
25,883117836046086144,6949,37914,golden_retriever,,1.3,,https://t.co/Se5fZ9wp5E,
26,882992080364220416,4122,24445,eskimo_dog,,1.3,Rusty,https://t.co/tyER0KpdXj,
27,882762694511734784,5134,28903,labrador_retriever,,1.2,Gus,https://t.co/D43I96SlVu,pupper
28,882627270321602560,6342,28382,pembroke,,1.3,Stanley,https://t.co/Nx52PGwH94,
29,882268110199369728,12118,45880,golden_retriever,,1.3,Alfy,https://t.co/fYP5RlutfA,
30,881666595344535552,11099,51522,saluki,,1.3,Gary,https://t.co/7CSWCl8I6s,pupper
31,880872448815771648,3989,21734,pembroke,,1.2,,https://t.co/WiAMbTkDPf,
32,880465832366813184,6546,29075,golden_retriever,,1.2,Bella,https://t.co/4VsFysDmiw,
33,880221127280381952,4436,27640,chihuahua,,1.2,Jesse,https://t.co/fUod0tVmvK,
34,879862464715927552,3642,22667,basset,,1.3,Romeo,https://t.co/Qh5aEkRQm9,
35,879492040517615616,3323,23822,german_short-haired_pointer,,1.2,Bailey,https://t.co/IxM9IMKQq8,
36,879376492567855104,3261,17099,labrador_retriever,,1.2,Jack,https://t.co/0gOi601EAa,
37,878281511006478336,1349,7913,basset,,1.3,Shadow,https://t.co/245xJJElsY,
38,878057613040115712,7181,42876,french_bulldog,,1.4,Emmy,https://t.co/cwtWnHMVpe,
39,877736472329191424,17300,71144,chesapeake_bay_retriever,,1.3,Aja,https://t.co/lsPyyAiF1r,
40,877611172832227328,83,0,irish_setter,5128045070,1.4,,https://t.co/dJx4Gzc50G,pupper
41,877556246731214848,3994,23258,basset,,1.2,Penny,https://t.co/OYdDlfOGXP,
42,877201837425926144,5880,27755,pembroke,,1.2,Nelly,https://t.co/4g4cfj3P4Y,
43,876838120628539392,3506,21125,bloodhound,,1.2,Ginger,https://t.co/j211oCDRs6,pupper
44,876484053909872640,2511,19163,golden_retriever,,1.3,Benedict,https://t.co/26BXueUgbs,
45,876120275196170240,4903,28490,bernese_mountain_dog,,1.3,Venti,https://t.co/ejExJFq3ek,puppo
46,875747767867523072,4497,25773,labrador_retriever,,1.3,Goose,https://t.co/V2WlACRJCN,
47,875144289856114688,5081,22185,siberian_husky,,1.3,Nugget,https://t.co/ogith9ejNj,
48,875021211251597312,4922,26022,west_highland_white_terrier,,1.2,,https://t.co/brCQoqc8AW,
49,874680097055178752,4875,28439,labrador_retriever,,1.2,Cash,https://t.co/lZhtizkURD,
50,874296783580663808,4308,26651,cocker_spaniel,,1.3,Jed,https://t.co/0YplNnSMEm,pupper
51,874057562936811520,4125,23134,flat-coated_retriever,,1.2,,https://t.co/pwY9PQhtP2,
52,874012996292530176,11007,35501,cardigan,,1.3,Sebastian,https://t.co/XBE0evJZ6V,puppo
53,873213775632977920,1667,7467,vizsla,,1.2,Sierra,https://t.co/Xp01EU3qyD,pupper
54,872967104147763200,5669,28031,labrador_retriever,,1.2,,https://t.co/EMYIdoblMR,doggo
55,872820683541237760,3884,15029,pug,,1.3,,https://t.co/17FVMl4VZ5,
56,872620804844003328,3911,21309,cocker_spaniel,,1.3,Monkey,https://t.co/lUcpnZDPz9,
57,872486979161796608,9429,41606,pembroke,,1.2,,https://t.co/BZHiKx3FpQ,
58,870374049280663552,27680,85011,golden_retriever,,1.3,Zoey,https://t.co/T1xlgaPujm,
59,869772420881756160,10663,43710,pembroke,,1.3,Dewey,https://t.co/HciEaJkC4D,
60,869227993411051520,4023,21112,pembroke,,1.3,Gizmo,https://t.co/IoR3n1fiiQ,
61,868622495443632128,6275,28295,labrador_retriever,,1.3,,https://t.co/yeaH8Ej5eM,
62,868552278524837888,2240,10539,whippet,,1.2,Cooper,https://t.co/ZMTE4Mr69f,
63,867900495410671616,4439,24964,labrador_retriever,,1.2,,https://t.co/JMhDNv5wXZ,
64,867051520902168576,8425,33420,samoyed,,1.3,,https://t.co/M5Rz0R8SIQ,
65,866686824827068416,3727,20070,flat-coated_retriever,,1.2,Lili,https://t.co/9b9J46E86Z,puppo
66,865718153858494464,6008,26640,golden_retriever,,1.3,Boomer,https://t.co/pozUoHLkGg,
67,865359393868664832,5384,27530,chesapeake_bay_retriever,,1.3,Sammy,https://t.co/g20EmqK7vc,
68,865006731092295680,8209,29063,pembroke,,1.3,Nelly,https://t.co/LbkG5CiM7o,
69,864279568663928832,3266,15195,bull_mastiff,,1.2,Meatball,https://t.co/S2HdmFFPck,
70,864197398364647424,9616,31459,golden_retriever,,1.3,Paisley,https://t.co/cPq9fYvkzr,
71,863062471531167744,2687,8945,french_bulldog,,1.3,Quinn,https://t.co/MOBkQnyHib,
72,862831371563274240,5457,20011,australian_terrier,,1.3,Zooey,https://t.co/ixOFQ1tfqE,
73,862096992088072192,21840,66437,chow,,1.3,,https://t.co/nvZyyrp0kd,
74,861769973181624320,37911,0,cocker_spaniel,4196983835,1.3,,https://t.co/f1h2Fsalv9,
75,861383897657036800,11528,37744,cardigan,,1.3,Hobbes,https://t.co/QFRlbZw4Z1,
76,860524505164394496,5698,24678,bedlington_terrier,,1.3,Carl,https://t.co/C2zHcNIu4I,
77,859924526012018688,4349,20021,french_bulldog,,1.2,Milky,https://t.co/g8vpXFzw29,
78,859607811541651456,1704,19476,golden_retriever,,1.3,,https://t.co/BArWupFAn0,puppo
79,859196978902773760,25661,75193,malamute,,1.2,Quite,https://t.co/g2nSyGenG9,
80,858843525470990336,3771,16304,golden_retriever,,1.3,,https://t.co/cUeDMlHJbq,doggopuppo
81,858471635011153920,5271,22640,pembroke,,1.3,Sophie,https://t.co/8jOC4zhNxy,
82,858107933456039936,3154,16524,golden_retriever,,1.2,Wyatt,https://t.co/QXA4sCXSDF,
83,857989990357356544,2812,16952,french_bulldog,,1.2,Rosie,https://t.co/sOl7cFaP5X,
84,857746408056729600,11524,36021,labrador_retriever,,1.3,Thor,https://t.co/7IFn3rkJai,
85,857263160327368704,4934,21041,samoyed,,1.3,Oscar,https://t.co/e3U4NReleC,
86,857029823797047296,4364,19910,golden_retriever,,1.2,Zeke,https://t.co/uMH5CLjXJu,
87,856543823941562368,3131,17135,boston_bull,,1.2,Callie,https://t.co/Bh9DtLhIBO,
88,856526610513747968,2068,12446,old_english_sheepdog,,1.4,,https://t.co/p1hBHCmWnA,
89,856282028240666624,6841,29086,chihuahua,,1.4,Cermet,https://t.co/GUefqUmZv8,
90,855851453814013952,19196,47844,flat-coated_retriever,,1.3,,https://t.co/cMhq16isel,doggopuppo
91,855459453768019968,8987,31657,blenheim_spaniel,,1.2,Quite,https://t.co/Xc7uj1C64x,
92,854732716440526848,6690,24188,pembroke,,1.2,Marlee,https://t.co/nJztIEON5s,
93,854482394044301312,7608,31131,chihuahua,,1.3,Arya,https://t.co/AL4Ahm1Rm5,
94,854365224396361728,5159,20046,pembroke,,1.3,Einstein,https://t.co/mdaQhhfpv6,
95,854010172552949760,3433,17169,english_springer,,1.1,,https://t.co/TXdT3tmuYk,doggofloofer
96,853639147608842240,11265,37198,german_shepherd,,1.3,,https://t.co/wiQZIsaWUe,
97,852912242202992640,2037,9658,great_dane,,1.2,Benny,https://t.co/aVMjBqAy1x,
98,852672615818899456,2388,15939,golden_retriever,,1.2,Aspen,https://t.co/VlyBzOXHEW,
99,851953902622658560,10706,0,staffordshire_bullterrier,4196983835,1.3,Astrid,https://t.co/xo7FZFIAao,doggo
100,851591660324737024,3819,17300,cardigan,,1.1,,https://t.co/BMtfCmNbnS,
101,850380195714523136,2915,13994,yorkshire_terrier,,1.3,Leo,https://t.co/FXZQtBcnTO,
102,850145622816686080,4244,17519,kelpie,,1.1,Riley,https://t.co/PCX25VV78l,
103,850019790995546112,5459,21944,shetland_sheepdog,,1.2,Boomer,https://t.co/ecb3LvExde,pupper
104,849412302885593088,3487,17039,schipperke,,1.2,Noosh,https://t.co/Uq3ChFgWA3,
105,848690551926992896,4826,27104,flat-coated_retriever,,1.2,,https://t.co/UOE79zb6VU,
106,848324959059550208,4037,20229,malamute,,1.2,Odin,https://t.co/1pSqUbLQ5Z,
107,848212111729840128,3444,17618,bedlington_terrier,,0.6,Jerry,https://t.co/DkOBbwulw1,
108,847842811428974592,1522,5935,bernese_mountain_dog,,1.2,Rontu,https://t.co/zK4cpKPFfU,
109,847251039262605312,4800,22036,airedale,,1.2,Furzey,https://t.co/zhbRIZQgnq,
110,846153765933735936,10226,34394,giant_schnauzer,,1.3,Vixen,https://t.co/a0CkS5ExFR,
111,845397057150107648,2072,8241,dandie_dinmont,,1.3,Mimosa,https://t.co/L6mLzrd7Mx,doggo
112,845306882940190720,6039,25225,irish_water_spaniel,,1.2,Pickles,https://t.co/7mPCF4ZwEk,pupper
113,844979544864018432,2909,14738,shetland_sheepdog,,1.3,,https://t.co/a5OaJeRl9B,
114,844973813909606400,3617,16361,labrador_retriever,,1.2,Brady,https://t.co/B1iBuSq3hr,
115,844704788403113984,11633,42022,labrador_retriever,,1.3,Luna,https://t.co/2RYiLGHuPN,
116,844223788422217728,2450,14753,labrador_retriever,,1.2,Margo,https://t.co/H38HB6rBTx,
117,843604394117681152,3081,18310,labrador_retriever,,1.1,Hank,https://t.co/wHUElL84RC,
118,842892208864923648,56625,0,chihuahua,4196983835,1.3,Stephan,https://t.co/DkBYaCAg2d,
119,842846295480000512,4023,16440,labrador_retriever,,1.3,Charlie,https://t.co/nFpNgCWWYs,
120,842535590457499648,3937,19637,pembroke,,1.3,Winnie,https://t.co/Tf0rh9ZgZe,
121,842163532590374912,6568,26569,french_bulldog,,1.2,George,https://t.co/o6E0hB3xZl,
122,841077006473256960,5991,24926,brittany_spaniel,,1.2,Dawn,https://t.co/XKJrmO4fAQ,
123,840268004936019968,6497,20950,chesapeake_bay_retriever,,1.2,Monty,https://t.co/8Wsr6b4RjE,
124,839990271299457024,2597,14640,staffordshire_bullterrier,,1.3,Sojourner,https://t.co/r7W1NbkOtr,
125,839549326359670784,8805,29957,norwich_terrier,,1.2,Winston,https://t.co/GuxEXTdnMu,
126,837820167694528512,8952,37277,golden_retriever,,1.2,,https://t.co/ORiK6jlgdH,pupper
127,837471256429613056,2631,13967,norwegian_elkhound,,1.2,Vincent,https://t.co/u51tzXSVi3,
128,837110210464448512,2731,17480,siberian_husky,,1.3,Clark,https://t.co/7pUjwe8X6B,pupper
129,836989968035819520,2610,13879,toy_poodle,,1.2,Mookie,https://t.co/beWUzGVKRM,
130,836001077879255040,4935,20924,samoyed,,1.3,,https://t.co/uRdKlFArQE,
131,835172783151792128,6516,28552,border_collie,,1.2,,https://t.co/8fX2VkExnL,
132,834786237630337024,6159,22943,border_terrier,,1.3,Tobi,https://t.co/3FIqvumEXE,
133,834458053273591808,1899,10512,rhodesian_ridgeback,,1.2,Chester,https://t.co/8ZOZS2FSJe,
134,834209720923721728,5476,22594,golden_retriever,,1.2,Wilson,https://t.co/FaeinVjzTZ,
135,833863086058651648,2729,14661,kuvasz,,1.2,Bentley,https://t.co/HDloTYilWZ,
136,833479644947025920,2357,16258,golden_retriever,,1.3,Poppy,https://t.co/YGeSpyN8Gu,
137,833124694597443584,5513,22133,cardigan,,1.2,Gidget,https://t.co/zD97KYFaFa,pupper
138,832757312314028032,4127,18423,cardigan,,1.3,Willow,https://t.co/On7muWnWSQ,
139,832636094638288896,3220,17379,eskimo_dog,,1.2,Orion,https://t.co/Y4DZx2UWsr,
140,832397543355072512,2548,13126,pekinese,,1.2,Eevee,https://t.co/nqAJGCHKEt,
141,832273440279240704,2673,12385,pembroke,,1.4,Smiley,https://t.co/SHAb1wHjMz,doggo
142,832040443403784192,11131,0,miniature_pinscher,4196983835,1.2,Klein,https://t.co/guDkLrX8zV,
143,831670449226514432,2059,11469,pembroke,,1.3,Daisy,https://t.co/u6p4LxzHKg,
144,831650051525054464,2243,7908,eskimo_dog,,1.3,,https://t.co/piiX0ke8Z6,
145,831552930092285952,2632,9872,chihuahua,,1.3,Dutch,https://t.co/BCbmFYLrse,
146,831315979191906304,1264,7117,briard,,1.3,,https://t.co/jd6lYhfdH4,pupper
147,830583320585068544,19297,73397,labrador_retriever,,1.3,Lilly,https://t.co/SATN4If5H5,
148,830097400375152640,3455,10804,toy_poodle,,1.3,Samson,https://t.co/z82hCtwhpn,
149,829861396166877184,2243,13441,border_terrier,,1.2,Mia,https://t.co/xeudgDXmTU,
150,829501995190984704,12224,34913,french_bulldog,,1.2,Leo,https://t.co/Xw9JbJHTul,
151,829449946868879360,2329,11519,labrador_retriever,,1.1,,https://t.co/fmRS43mWQB,doggo
152,829141528400556032,8530,26952,golden_retriever,,1.2,Malcolm,https://t.co/rHwfySggqR,
153,829011960981237760,18627,58302,boxer,,1.3,Dexter,https://t.co/U50RlRw4is,
154,828650029636317184,1544,10467,golden_retriever,,1.4,One,https://t.co/bZ4axuH6OK,
155,828011680017821696,2451,11411,american_staffordshire_terrier,,1.1,Brutus,https://t.co/rkhCFfDtxB,
156,827600520311402496,1082,8143,pembroke,,1.3,Tucker,https://t.co/vrppizPGdb,
157,827324948884643840,3510,17523,golden_retriever,,1.2,Ralphie,https://t.co/UU3KqQF5n5,
158,826848821049180160,11878,40325,great_pyrenees,,1.3,Cupid,https://t.co/WS0Gha8vRh,doggo
159,826240494070030336,2965,14614,french_bulldog,,1.1,,https://t.co/srXL2s868C,
160,825829644528148480,2848,14025,great_pyrenees,,1.2,Toby,https://t.co/YimNdkZrhM,
161,825535076884762624,19669,56413,rottweiler,,1.4,,https://t.co/6ao80wIpV1,puppo
162,825147591692263424,5244,20181,pekinese,,1.3,Sweet,https://t.co/AyBEmx56MD,
163,825026590719483904,1483,7020,eskimo_dog,,1.2,Pablo,https://t.co/koHvVQp9bL,puppo
164,824775126675836928,4069,16508,border_terrier,,1.2,Scooter,https://t.co/F0VWg2GztI,
165,824325613288833024,11848,12999,pembroke,,1.3,,https://t.co/wBmc7OaGvS,pupper
166,823939628516474880,3123,11755,schipperke,,1.2,Cash,https://t.co/m0hrATIEyw,
167,823699002998870016,2772,13826,cairn,,1.2,Winston,https://t.co/yCydYURYEL,
168,823581115634085888,3031,14376,german_shepherd,,1.1,Crawford,https://t.co/6F5Rrp472U,
169,822975315408461824,3958,19139,pembroke,,1.2,Albus,https://t.co/yUM8jYStuG,
170,822610361945911296,3423,16327,cocker_spaniel,,1.2,,https://t.co/mcagPeENIh,
171,822244816520155136,11421,38832,samoyed,,1.1,,https://t.co/rLi83ZyCL5,
172,821886076407029760,2692,12582,golden_retriever,,1.3,Jimison,https://t.co/djMep7mGkV,
173,821813639212650496,3839,0,saint_bernard,4196983835,1.2,Hercules,https://t.co/mH0IOyFdIG,
174,821765923262631936,1899,9317,golden_retriever,,1.3,Duchess,https://t.co/maDNMETA52,doggo
175,821149554670182400,2320,9718,german_shepherd,,1.2,Luca,https://t.co/r8DxA8DYJ2,
176,821044531881721856,2636,14021,old_english_sheepdog,,1.2,Flash,https://t.co/bryVdNaRcu,
177,820314633777061888,648,3706,gordon_setter,,1.4,,https://t.co/XQlmPTLHPl,
178,819952236453363712,1369,5927,american_staffordshire_terrier,,1.3,Oliver,https://t.co/f5WMsx0a9K,puppo
179,819588359383371776,2271,10606,cardigan,,1.3,Jazzy,https://t.co/52cItP0vIO,
180,819227688460238848,7733,25652,border_terrier,,1.2,Finn,https://t.co/ii5eNX5LJT,
181,819015337530290176,42228,0,standard_poodle,4196983835,1.4,Bo,https://t.co/AdPKrI8BZ1,doggo
182,819004803107983360,42228,95450,standard_poodle,,1.4,Bo,https://t.co/AdPKrI8BZ1,doggo
183,818627210458333184,8564,24597,labrador_retriever,,1.3,Wafer,https://t.co/I7bkhxBxUG,
184,818588835076603904,7126,0,norwegian_elkhound,4196983835,1.1,Chelsea,https://t.co/nBJ5RE4yHb,pupper
185,818536468981415936,2873,12127,welsh_springer_spaniel,,1.1,Tom,https://t.co/6fSVcn9HAU,
186,818259473185828864,2621,12197,miniature_schnauzer,,1.2,Florence,https://t.co/rnkvT2kvib,
187,817415592588222464,1131,6267,doberman,,1.1,Strudel,https://t.co/3uxgLz8d0l,
188,817181837579653120,9907,0,tibetan_mastiff,4196983835,1.3,,https://t.co/MiMKtsLN6k,pupper
189,817171292965273600,2326,9690,golden_retriever,,1.3,Tebow,https://t.co/56uBP28eqw,
190,817120970343411712,3011,13367,saluki,,1.3,,https://t.co/kCLgD8687T,
191,817056546584727552,1927,9517,kelpie,,1.1,Chloe,https://t.co/r6SLVN2VUH,
192,816829038950027264,5496,0,golden_retriever,4196983835,1.2,Betty,https://t.co/dgvTPZ9tgI,puppo
193,816816676327063552,2361,11071,malamute,,1.2,Timber,https://t.co/dVVavqpeF9,
194,816336735214911488,2269,9564,labrador_retriever,,1.1,Dudley,https://t.co/nuJxtmlLcY,
195,816091915477250048,2500,9927,pomeranian,,1.2,Comet,https://t.co/tlfuZ25IMi,
196,816014286006976512,6154,0,english_setter,4196983835,1.1,Larry,https://t.co/ghyT4Ubk1r,
197,815966073409433600,9907,25057,tibetan_mastiff,,1.3,,https://t.co/MiMKtsLN6k,pupper
198,815736392542261248,2625,10937,border_collie,,1.1,Akumi,https://t.co/gd9UlLOCQ0,
199,814986499976527872,1505,8485,dalmatian,,1.1,Cooper,https://t.co/01vpuRDXQ8,pupper
200,814638523311648768,3130,12511,golden_retriever,,1.2,Olivia,https://t.co/0LdNjoiNbv,
201,814530161257443328,2156,9629,miniature_poodle,,1.2,Alf,https://t.co/IOdgfnSE9G,
202,813910438903693312,2194,10342,siberian_husky,,1.1,Chubbs,https://t.co/z1VRj1cYZf,doggo
203,813812741911748608,16267,40402,french_bulldog,,1.4,Gary,https://t.co/uBnQTNEeGg,
204,813800681631023104,2060,9300,malamute,,1.2,Sky,https://t.co/OuaVvVkwJ1,
205,813217897535406080,8476,20783,samoyed,,1.3,Atlas,https://t.co/DVYIZOnO81,
206,813202720496779264,2090,10192,cocker_spaniel,,1.1,,https://t.co/cD967DjnIn,doggo
207,813187593374461952,5096,22085,golden_retriever,,1.3,,https://t.co/rvSANEsQZJ,
208,813157409116065792,2557,8588,pembroke,,1.2,Layla,https://t.co/hwhCbhCjnV,
209,813127251579564032,3652,13242,norwegian_elkhound,,1.1,,https://t.co/BzITyGw3JA,doggo
210,813112105746448384,3225,11515,pembroke,,1.2,Toby,https://t.co/zfdaGZlweq,
211,813096984823349248,4207,11694,great_dane,,1.1,Rocky,https://t.co/soNL00XWVu,doggo
212,813051746834595840,8503,23337,golden_retriever,,1.3,Bauer,https://t.co/AIMF8ouzvl,
213,812709060537683968,1665,7373,irish_setter,,1.2,Brandi,https://t.co/AbBDuGZUpp,
214,812466873996607488,2231,8900,great_dane,,1.2,Mary,https://t.co/BAJrfPvtux,
215,811627233043480576,3650,14265,beagle,,1.0,Augie,https://t.co/IU8S0n4oxn,
216,811386762094317568,7444,23302,pembroke,,1.1,Craig,https://t.co/aAUXzoxaBy,pupper
217,810984652412424192,1655,5927,golden_retriever,,3.4285714285714284,Sam,https://t.co/98tB8y7y7t,
218,810896069567610880,2090,10093,flat-coated_retriever,,1.1,Hunter,https://t.co/zW1o0W4AYV,
219,810284430598270976,13369,39640,malamute,,1.3,Phil,https://t.co/9p6ECXJMMu,
220,809920764300447744,4521,17250,norwich_terrier,,1.0,,https://t.co/HIraYS1Bzo,
221,809808892968534016,5711,0,labrador_retriever,4196983835,1.2,Maximus,https://t.co/xIfrsMNLBR,
222,809448704142938112,1696,7727,greater_swiss_mountain_dog,,1.2,,https://t.co/EMdnCugNbo,
223,809084759137812480,4046,14685,vizsla,,1.1,Wallace,https://t.co/nadm8yWZ4h,
224,808838249661788160,3536,11271,rottweiler,,1.3,Ito,https://t.co/Zrrcw29o13,
225,808134635716833280,6961,0,cocker_spaniel,4196983835,1.3,Milo,https://t.co/R6wJyC2Tey,
226,808001312164028416,4098,14015,labrador_retriever,,1.2,Cooper,https://t.co/O9iGgvfuzl,
227,807621403335917568,4288,16236,golden_retriever,,1.4,Ollie,https://t.co/qTRY2qX9y4,pupper
228,807106840509214720,56625,107015,chihuahua,,1.3,Stephan,https://t.co/DkBYaCAg2d,
229,807059379405148160,8521,0,golden_retriever,4196983835,1.2,Cali,https://t.co/vOBV1ZqVcX,
230,807010152071229440,4418,14514,golden_retriever,,1.2,Lennon,https://t.co/fhgP6vSfhX,pupper
231,806542213899489280,2752,11363,vizsla,,1.1,Waffles,https://t.co/BCB87qUU0h,
232,806242860592926720,13616,0,cardigan,4196983835,1.2,Dave,https://t.co/nfprKAXqwu,
233,806219024703037440,1388,7145,chow,,1.1,Incredibly,https://t.co/IZidSrBvhi,
234,805932879469572096,2209,9178,norwegian_elkhound,,1.2,Major,https://t.co/Zcwr8LgoO8,
235,805826884734976000,2132,7335,siberian_husky,,1.2,Duke,https://t.co/SgpBVYIL18,puppo
236,805520635690676224,1905,6368,malinois,,1.3,Zeke,https://t.co/zacX7S6GyJ,
237,804738756058218496,4480,15326,tibetan_mastiff,,1.2,Django,https://t.co/kQVQoOW9NZ,
238,803773340896923648,3220,11203,miniature_pinscher,,1.2,Diogi,https://t.co/ZxeRjMKaWt,puppo
239,803692223237865472,8689,0,lakeland_terrier,4196983835,1.3,,https://t.co/fR1P3g5I6k,
240,803638050916102144,4828,12270,labrador_retriever,,1.3,,https://t.co/ns9qoElfsX,pupper
241,803276597545603072,2887,11207,pembroke,,1.1,Winston,https://t.co/jxQhxoPsgL,
242,802952499103731712,2336,10085,chow,,1.2,Marley,https://t.co/yLm7hQ6UXh,
243,802572683846291456,2926,9959,golden_retriever,,1.2,Winnie,https://t.co/EFfLCP7oQv,
244,802247111496568832,5247,0,chihuahua,4196983835,1.3,,https://t.co/I1bJUzUEW5,
245,802239329049477120,3040,10132,eskimo_dog,,1.2,Loki,https://t.co/5oWrHCWg87,puppo
246,801958328846974976,1992,8608,staffordshire_bullterrier,,1.2,Ronnie,https://t.co/4fY2bsAm65,
247,801538201127157760,2391,9141,pembroke,,1.2,Wallace,https://t.co/p1RD39XjUe,
248,801167903437357056,6961,27386,cocker_spaniel,,1.3,Milo,https://t.co/R6wJyC2Tey,
249,801115127852503040,2429,8992,dalmatian,,1.2,Bones,https://t.co/55Dqe0SJNj,doggopupper
250,800751577355128832,3214,11701,cocker_spaniel,,1.2,Mauve,https://t.co/4UwCTW3lXG,
251,800513324630806528,3495,14685,pembroke,,1.1,Chef,https://t.co/ILHGs0e6Dm,
252,800141422401830912,2980,17092,golden_retriever,,1.3,Peaches,https://t.co/pbKOesr8Tg,
253,799422933579902976,2213,8965,miniature_pinscher,,1.2,Longfellow,https://t.co/bpLuQuxzHZ,
254,799063482566066176,2863,9058,norfolk_terrier,,1.1,Mister,https://t.co/BXJFKOVnJm,
255,798933969379225600,5203,14712,siberian_husky,,1.2,Iroh,https://t.co/KJAKO2kXsL,
256,798925684722855936,1663,8246,west_highland_white_terrier,,1.1,Shadow,https://t.co/8yvpacwBcu,
257,798694562394996736,5812,0,chihuahua,4196983835,1.2,,https://t.co/JKXh0NbBNL,
258,798628517273620480,2272,0,beagle,4196983835,1.2,,https://t.co/0aDF62KVP7,
259,798340744599797760,3924,0,papillon,4196983835,1.1,Davey,https://t.co/E6bGWf9EOm,
260,798209839306514432,2954,11548,pekinese,,1.3,Cooper,https://t.co/jG1PAFkB81,
261,797545162159308800,5656,16198,pembroke,,1.2,Cassie,https://t.co/Ia19irLwyB,
262,797236660651966464,7726,22328,collie,,1.2,Pancake,https://t.co/6kqsAjJNhi,
263,796759840936919040,3562,13256,american_staffordshire_terrier,,1.1,Romeo,https://t.co/6hx7ur6sNI,
264,796484825502875648,2042,8472,cocker_spaniel,,1.2,,https://t.co/bvkkqOjNDV,doggo
265,796387464403357696,4861,12334,pekinese,,1.2,Snicku,https://t.co/cVLUasbKA5,
266,796177847564038144,16628,0,golden_retriever,4196983835,1.1,Ruby,https://t.co/y5KarNXWXt,
267,795464331001561088,27728,55683,golden_retriever,,1.3,,https://t.co/gBUDjdEcqz,doggo
268,794983741416415232,3942,0,schipperke,4196983835,1.2,Rizzy,https://t.co/TU4sZogVIq,
269,794332329137291264,3088,10686,samoyed,,1.2,Nimbus,https://t.co/SIQbb8c3AU,
270,793962221541933056,5711,18910,labrador_retriever,,1.2,Maximus,https://t.co/xIfrsMNLBR,
271,793845145112371200,2187,10295,old_english_sheepdog,,1.3,Clark,https://t.co/2Xo19aPrG5,
272,793614319594401792,3661,0,golden_retriever,4196983835,1.3,,https://t.co/O5IUmRHRIh,
273,793601777308463104,1908,8926,miniature_pinscher,,1.2,Dobby,https://t.co/LhzPWv6rTv,
274,793286476301799424,10723,27597,afghan_hound,,1.3,Moreton,https://t.co/rLHGx3VAF3,
275,793241302385262592,3812,11780,golden_retriever,,1.3,Tucker,https://t.co/Ap477GhwXt,
276,793226087023144960,3338,11001,wire-haired_fox_terrier,,1.1,Juno,https://t.co/hFxxBCWlwj,
277,793150605191548928,1984,6909,italian_greyhound,,1.1,Nida,https://t.co/3lE8Izgmkf,
278,792883833364439040,4964,12666,standard_poodle,,1.2,Bailey,https://t.co/v17mFm0Ftz,
279,792773781206999040,1963,8209,yorkshire_terrier,,1.2,Monster,https://t.co/RhaPExuxJL,
280,792394556390137856,4998,15128,cocker_spaniel,,1.2,Bebe,https://t.co/of0pFNBIl8,
281,792050063153438720,2088,8029,komondor,,1.1,Remus,https://t.co/S3f1SYylzu,
282,791672322847637504,3661,13129,golden_retriever,,1.3,,https://t.co/O5IUmRHRIh,
283,791406955684368384,4797,14670,pembroke,,1.2,Levi,https://t.co/Zcw9Sccctc,
284,791026214425268224,4858,0,malamute,4196983835,1.1,Alfie,https://t.co/gx3xF5mZbo,
285,790946055508652032,5496,18601,golden_retriever,,1.2,Betty,https://t.co/dgvTPZ9tgI,puppo
286,790723298204217344,2704,0,golden_retriever,4196983835,1.2,Happy,https://t.co/Ln89R4FP7v,
287,790698755171364864,2203,9158,bernese_mountain_dog,,1.2,Mosby,https://t.co/IiiBq460I7,
288,790581949425475584,8183,22473,malinois,,1.1,Duke,https://t.co/Fd5WFDTMH4,
289,789986466051088384,2704,10369,golden_retriever,,1.2,Happy,https://t.co/Ln89R4FP7v,
290,789530877013393408,3942,13188,schipperke,,1.2,Rizzy,https://t.co/TU4sZogVIq,
291,789268448748703744,3014,10196,malamute,,1.0,Stella,https://t.co/JSs2bfDtTS,
292,788908386943430656,14409,30653,golden_retriever,,1.1,Lucy,https://t.co/3BXh073tDm,
293,788765914992902144,12014,30658,cocker_spaniel,,1.2,Butter,https://t.co/x5gXRS1abq,
294,788412144018661376,5990,16060,golden_retriever,,1.1,Dexter,https://t.co/4DhSsC1W7S,
295,788150585577050112,1510,6865,chow,,1.3,Leo,https://t.co/xosHjFzVXc,
296,788070120937619456,3952,0,golden_retriever,4196983835,1.1,Bo,https://t.co/1acHQS8rvK,
297,787810552592695296,3540,9717,pug,,1.1,Frank,https://t.co/pNNjBtHWPc,
298,787717603741622272,3240,11416,german_shepherd,,1.3,Tonks,https://t.co/i622ZbWkUp,puppo
299,787322443945877504,2032,8726,golden_retriever,,1.0,Lincoln,https://t.co/lsrR83SiVp,
300,786963064373534720,9327,29725,golden_retriever,,1.2,Rory,https://t.co/ibj5g6xaAj,
301,786709082849828864,7069,20296,pomeranian,,7.5,Logan,https://t.co/yBO5wuqaPS,
302,786664955043049472,2996,11957,leonberg,,1.2,,https://t.co/HmlEvAMP4r,
303,786595970293370880,3601,10497,pembroke,,1.1,Dale,https://t.co/L8BWDD4oBX,
304,786363235746385920,4072,12189,golden_retriever,,1.3,Rizzo,https://t.co/TVXpEJB7Wn,doggo
305,786036967502913536,8237,0,golden_retriever,4196983835,1.1,Scout,https://t.co/x0gV2Ck3AD,
306,785927819176054784,3652,12696,toy_poodle,,1.2,Lucy,https://t.co/lntsj7Fc4Y,
307,785264754247995392,1911,8128,chow,,1.2,Doc,https://t.co/mWYACm4qnx,
308,785170936622350336,5639,13491,eskimo_dog,,1.1,Hero,https://t.co/cubFg7F4qQ,
309,784431430411685888,1491,6329,miniature_poodle,,1.2,Stormy,https://t.co/PHA1vtqqpt,
310,783466772167098368,2608,9468,chihuahua,,1.1,Finn,https://t.co/s8W8Del9HQ,
311,783391753726550016,6441,18908,norwegian_elkhound,,1.3,Godi,https://t.co/BO936YdJdi,
312,783347506784731136,6533,0,cardigan,4196983835,1.1,Kenny,https://t.co/2S6oye3XqK,
313,783334639985389568,13616,32651,cardigan,,1.2,Dave,https://t.co/nfprKAXqwu,
314,782969140009107456,8521,26949,golden_retriever,,1.2,Cali,https://t.co/vOBV1ZqVcX,
315,782747134529531904,1604,8310,golden_retriever,,1.1,Deacon,https://t.co/C6fUMnHt1H,doggo
316,782722598790725632,6238,19250,irish_setter,,1.0,Penny,https://t.co/zrMVdfFej6,
317,782305867769217024,6470,18630,briard,,1.2,Sampson,https://t.co/pgVKxRw0s1,doggo
318,782021823840026624,7236,0,golden_retriever,4196983835,1.2,Harper,https://t.co/oHKJHghrp5,
319,781661882474196992,3129,11634,pembroke,,0.5,,https://t.co/ELqelxWMrC,
320,781524693396357120,6426,23163,chesapeake_bay_retriever,,1.2,,https://t.co/ya7bviQUUf,
321,781163403222056960,3168,10895,shetland_sheepdog,,1.0,,https://t.co/YkHc7U7uUy,
322,780858289093574656,2328,8033,chesapeake_bay_retriever,,1.0,Dash,https://t.co/YElO4hvXI6,
323,780601303617732608,3839,13525,saint_bernard,,1.2,Hercules,https://t.co/mH0IOyFdIG,
324,780543529827336192,2032,7040,golden_retriever,,1.2,,https://t.co/VG095mi09Q,
325,780496263422808064,4319,0,pug,4196983835,1.2,Bell,https://t.co/BXIuvkQO9b,
326,780459368902959104,1224,5892,great_dane,,1.1,Bear,https://t.co/coi4l1T2Sm,
327,780192070812196864,2589,9712,vizsla,,1.1,,https://t.co/zHIqpM5Gni,
328,779834332596887552,8237,21252,golden_retriever,,1.1,Scout,https://t.co/x0gV2Ck3AD,
329,778990705243029504,8437,22342,cocker_spaniel,,1.1,Jay,https://t.co/vyx1X5eyWI,
330,778624900596654080,1176,5177,airedale,,1.1,Penny,https://t.co/0rRxyBQt32,
331,778383385161035776,1271,6515,collie,,1.3,Nala,https://t.co/zP1IvAATWv,
332,778286810187399168,3836,11576,boston_bull,,1.1,Stanley,https://t.co/hhTfnPrWfb,
333,778039087836069888,3065,9417,german_shepherd,,1.2,,https://t.co/t8Y4x9DmVD,pupper
334,778027034220126208,1885,7320,clumber,,2.7,Sophie,https://t.co/QFaUiIHxHq,pupper
335,777885040357281792,1893,7078,afghan_hound,,0.3,Wesley,https://t.co/pL7wbMRW7M,
336,777684233540206592,3403,12518,cocker_spaniel,,1.2,,https://t.co/SuXcI9B7pQ,
337,777641927919427584,4947,0,golden_retriever,4196983835,1.2,Arnie,https://t.co/lprdOylVpS,
338,777189768882946048,4999,15921,chihuahua,,1.2,Jeffrey,https://t.co/d3aLyCykn7,
339,776819012571455488,15839,0,chihuahua,4196983835,1.3,,https://t.co/hyAC5Hq9GC,pupper
340,776813020089548800,1405,5444,toy_poodle,,1.2,Solomon,https://t.co/nFqLaOLUQA,
341,776088319444877312,179,2045,pug,,1.0,,https://t.co/wOhuABgj6I,
342,775842724423557120,3116,13022,chow,,1.2,Blue,https://t.co/saRYTcxQeH,
343,775364825476165632,3472,8295,beagle,,1.1,Finley,https://t.co/7FNcBaKbci,doggo
344,775085132600442880,5488,17281,chow,,1.3,Tucker,https://t.co/wdgY9oHPrT,
345,774639387460112384,2013,7508,walker_hound,,1.0,Sprinkles,https://t.co/4s5Xlijogu,
346,774314403806253056,6478,24167,eskimo_dog,,1.4,,https://t.co/7oQ1wpfxIH,
347,773985732834758656,4492,11925,pug,,1.1,Winnie,https://t.co/RFWtDqTnAz,pupper
348,773704687002451968,1891,7317,silky_terrier,,1.2,Loki,https://t.co/OqNggd4Oio,
349,773670353721753600,1501,5935,old_english_sheepdog,,1.0,Shakespeare,https://t.co/rA8WUVOLBr,
350,773547596996571136,7126,24553,norwegian_elkhound,,1.1,Chelsea,https://t.co/nBJ5RE4yHb,pupper
351,773247561583001600,3699,10414,miniature_pinscher,,1.0,Chip,https://t.co/hG5WYT9ECn,
352,772615324260794368,3914,0,dalmatian,4196983835,1.0,Gromit,https://t.co/eSvz4EapHH,
353,772581559778025472,1968,7192,newfoundland,,1.0,A,https://t.co/8lpAGaZRFn,
354,772193107915964416,1612,6665,pembroke,,1.2,Willem,https://t.co/Dp0s7MRIHK,pupper
355,772152991789019136,1300,4181,golden_retriever,,1.0,,https://t.co/H9yjI9eo3A,
356,772102971039580160,1065,4448,pembroke,,1.1,Penny,https://t.co/B2f3XkGU5c,
357,771770456517009408,3924,13356,papillon,,1.1,Davey,https://t.co/E6bGWf9EOm,
358,771380798096281600,5912,11746,collie,,1.1,Fizz,https://t.co/sPB5JMnWBn,
359,771136648247640064,3357,10223,golden_retriever,,1.1,Dixie,https://t.co/8VEDZKHddR,
360,770787852854652928,1415,5498,bernese_mountain_dog,,1.0,Winston,https://t.co/d0QEbp78Yi,
361,770772759874076672,1626,5749,chow,,1.1,Sebastian,https://t.co/lqr0NdtwQo,
362,770293558247038976,1718,6923,italian_greyhound,,1.0,Jackson,https://t.co/3fEPpj0KYw,
363,770069151037685760,2651,8385,boston_bull,,1.0,Carbon,https://t.co/mADHGenzFS,
364,769695466921623552,1926,7101,pug,,1.3,Titan,https://t.co/vhrkz0dK4v,
365,769212283578875904,1969,5980,golden_retriever,,1.2,Dondon,https://t.co/OCYLz3fjVE,
366,768970937022709760,7574,16017,pomeranian,,1.2,Kirby,https://t.co/UlB2mzw3Xs,
367,768855141948723200,1034,4660,chow,,1.1,Jesse,https://t.co/1BxxcdVNJ8,
368,768609597686943744,1382,4580,basenji,,1.0,Lou,https://t.co/dZPMLresEr,
369,768596291618299904,1473,5592,great_pyrenees,,1.2,Oakley,https://t.co/J2AJdyxglH,
370,766793450729734144,1565,5650,beagle,,1.0,Rufus,https://t.co/exrRjjJqeO,
371,766693177336135680,918,4484,doberman,,1.1,Brudge,https://t.co/cTlHjEUNK8,
372,766423258543644672,1825,6671,keeshond,,0.9,Shadoe,https://t.co/Tytt15VquG,
373,766078092750233600,2970,0,toy_poodle,4196983835,1.2,Colby,https://t.co/vtVHtKFtBH,
374,766069199026450432,1003,4765,redbone,,1.2,Juno,https://t.co/Z69mShifuk,
375,765719909049503744,2475,8021,golden_retriever,,1.2,Brat,https://t.co/soxdNqZDZ2,
376,765395769549590528,3127,20539,pembroke,,1.3,My,https://t.co/ep1NkYoiwB,
377,765371061932261376,2475,7842,golden_retriever,,1.1,Louie,https://t.co/w2qDmoTIZ5,pupper
378,765222098633691136,3914,12902,dalmatian,,1.0,Gromit,https://t.co/eSvz4EapHH,
379,764857477905154048,2029,7099,bernese_mountain_dog,,1.2,Aubie,https://t.co/cBIFBsCRz6,
380,764259802650378240,1745,6718,german_shepherd,,1.0,Kota,https://t.co/Q1v9BZylvZ,
381,763183847194451968,1702,6004,miniature_poodle,,0.8,Clark,https://t.co/EDMcwt86fU,
382,762699858130116608,4190,13518,kelpie,,1.1,Leela,https://t.co/2lBg3ZgivD,
383,761976711479193600,2310,5992,labrador_retriever,,1.2,Shelby,https://t.co/WTZ484EntP,
384,761750502866649088,4535,0,golden_retriever,4196983835,1.0,,https://t.co/VGPH0TfESw,
385,761599872357261312,1336,4578,gordon_setter,,1.1,Sephie,https://t.co/7HY9RvCudo,
386,761334018830917632,1669,5792,norwegian_elkhound,,1.0,Bruce,https://t.co/ErPLjjJOKc,
387,761292947749015552,1265,4957,standard_poodle,,1.1,Bonaparte,https://t.co/0THNOfv2Jo,
388,761227390836215808,1775,5908,french_bulldog,,1.0,Albert,https://t.co/nhLX27WsDY,
389,761004547850530816,3952,12482,golden_retriever,,1.1,Bo,https://t.co/1acHQS8rvK,
390,759923798737051648,6521,16284,labrador_retriever,,1.0,,https://t.co/49hkNAsubi,
391,759846353224826880,2265,7433,sussex_spaniel,,1.1,Kirby,https://t.co/fd6uucghY6,
392,759793422261743616,2173,6620,golden_retriever,,1.2,Maggie,https://t.co/MYwR4DQKll,doggopupper
393,759566828574212096,24319,0,labrador_retriever,4196983835,1.0,,https://t.co/zxw8d5g94P,
394,759557299618865152,1341,5202,golden_retriever,,1.0,Emma,https://t.co/JRV1dhBYwu,
395,759447681597108224,2827,9418,kuvasz,,1.1,Oakley,https://t.co/vT3JM8b989,
396,759099523532779520,4813,16101,shetland_sheepdog,,0.7,Toby,https://t.co/Cim4DSj6Oi,
397,758854675097526272,1027,3904,old_english_sheepdog,,1.1,Lilli,https://t.co/4UrfOZhztW,
398,758828659922702336,4376,12376,chesapeake_bay_retriever,,1.3,,https://t.co/9T2h14yn4Q,doggo
399,758474966123810816,1132,4227,pembroke,,1.1,Brandonald,https://t.co/uPUAotqQtM,
400,758467244762497024,2539,5316,labrador_retriever,,1.1,,https://t.co/HmwrdfEfUE,
401,758355060040593408,1245,3797,pembroke,,1.1,Corey,https://t.co/NzWUrFZydr,
402,758041019896193024,433,3001,cardigan,,0.9,,https://t.co/l46jwv5WYv,
403,757741869644341248,3710,7613,old_english_sheepdog,,1.0,Leonard,https://t.co/TdyGTcX0uo,
404,757725642876129280,1391,5022,labrador_retriever,,1.1,Beckham,https://t.co/rptsOm73Wr,
405,757400162377592832,7759,16743,golden_retriever,,1.3,,https://t.co/gwKCspY8N2,
406,756998049151549440,2271,6923,golden_retriever,,1.1,Oliver,https://t.co/qbO5X6dYuj,
407,756939218950160384,2295,7342,golden_retriever,,1.2,Jax,https://t.co/KGdeHuFJnH,pupper
408,756651752796094464,1511,5612,pembroke,,1.1,Gert,https://t.co/l0Iwj6rLFW,
409,756288534030475264,15071,28519,french_bulldog,,1.2,,https://t.co/hfddJ0OiNR,
410,756275833623502848,1738,7114,airedale,,1.0,,https://t.co/JrDAzMhwG9,puppo
411,755955933503782912,3285,8092,pekinese,,1.2,,https://t.co/GAYViEweWr,pupper
412,754874841593970688,9193,0,pug,4196983835,1.1,Rubio,https://t.co/NLOHmlENag,
413,754449512966619136,846,4147,beagle,,1.1,Dex,https://t.co/0dYI0Cpdge,
414,754120377874386944,2670,8655,chow,,1.0,,https://t.co/lFEoGqZ4oA,
415,754011816964026368,4079,9726,french_bulldog,,1.2,Charlie,https://t.co/ilwQqWFKCh,
416,753655901052166144,2492,6458,miniature_pinscher,,1.0,,https://t.co/ULqThwWmLg,
417,753398408988139520,2186,6384,whippet,,1.2,Scout,https://t.co/ov05LIoQJX,
418,753375668877008896,2655,8411,bluetick,,0.8,Hank,https://t.co/3r7wjfsXHc,
419,753026973505581056,1109,4283,pembroke,,1.0,Tayzie,https://t.co/6qF5YZx6OV,
420,752917284578922496,1790,7592,german_shepherd,,1.1,Grizzie,https://t.co/WZ4zzkXXnW,
421,752682090207055872,1846,6642,german_shepherd,,1.0,,https://t.co/xVSodF19PS,doggo
422,752660715232722944,1794,4878,english_setter,,1.0,,https://t.co/bWSgqnwSHr,doggo
423,752519690950500352,3917,8157,labrador_retriever,,1.1,,https://t.co/G54yClasz2,puppo
424,752334515931054080,1263,4238,bedlington_terrier,,0.8,,https://t.co/jwd0j6oWLE,doggo
425,752309394570878976,18963,0,golden_retriever,4196983835,1.3,,https://t.co/Bb3xnpsWBC,
426,752173152931807232,2106,6569,labrador_retriever,,1.2,Brody,https://t.co/olDmwNjOy1,
427,751937170840121344,1530,5770,lakeland_terrier,,1.1,Ruby,https://t.co/Vfc3eAFl2q,
428,751830394383790080,2227,6428,chow,,1.2,Tucker,https://t.co/BJRsxuLF1w,
429,751583847268179968,1265,4849,dalmatian,,0.5,,https://t.co/u2c9c7qSg8,doggopupper
430,751538714308972544,1445,5547,labrador_retriever,,1.0,Max,https://t.co/5eJg69G8vY,
431,751456908746354688,1127,3516,golden_retriever,,1.2,,https://t.co/lsVAMBq6ex,pupper
432,751251247299190784,6695,13791,walker_hound,,1.0,Gilbert,https://t.co/wayKZkDRTG,
433,751205363882532864,2086,6948,labrador_retriever,,1.2,,https://t.co/510gJW9fsy,
434,750719632563142656,5747,14621,pembroke,,1.2,Meyer,https://t.co/WS6BoApYyL,
435,750383411068534784,1309,5005,border_collie,,0.9,Zoe,https://t.co/FfH3o88Vta,pupper
436,750147208377409536,1095,3409,pug,,1.3,,https://t.co/Mr8Lr3iOUe,
437,750132105863102464,1440,3990,toy_poodle,,1.1,Stewie,https://t.co/dDx2gKefYo,
438,750117059602808832,1466,4740,shih-tzu,,1.0,Calvin,https://t.co/RXdzWaCQHm,
439,750101899009982464,959,3344,golden_retriever,,1.1,Lilah,https://t.co/enCpXzZHkD,
440,750086836815486976,613,2383,pug,,1.2,Spanky,https://t.co/7tlZPrePXd,
441,750071704093859840,3802,8653,redbone,,1.0,,https://t.co/RG4C9IdNJM,pupper
442,750041628174217216,703,3502,labrador_retriever,,1.3,Beau,https://t.co/7JeDfQvzzI,
443,750026558547456000,888,2986,standard_poodle,,1.0,Jax,https://t.co/jrg29NDNhI,
444,749996283729883136,919,3331,old_english_sheepdog,,1.2,Bo,https://t.co/c7LNFt39eR,
445,749774190421639168,1493,5114,pekinese,,1.2,Lucy,https://t.co/4yXa801fgl,
446,749417653287129088,1904,6721,papillon,,1.1,Finn,https://t.co/qvA2rCUl6v,pupper
447,749395845976588288,3951,9488,pomeranian,,1.0,George,https://t.co/lznl6QGkYc,
448,749317047558017024,2509,6076,wire-haired_fox_terrier,,1.2,Blu,https://t.co/HHUAnBb6QB,floofer
449,749064354620928000,1714,5277,pug,,1.1,Winston,https://t.co/xEY8dbJxnF,
450,748932637671223296,2564,6461,borzoi,,1.3,Divine,https://t.co/BbcABzohKb,doggo
451,748568946752774144,776,2411,tibetan_terrier,,1.2,Cora,https://t.co/uUncaAGH18,
452,747885874273214464,1116,3243,kuvasz,,0.8,A,https://t.co/TGenMeXreW,
453,747844099428986880,851,3084,pembroke,,1.1,Huxley,https://t.co/V7h5NMYbYz,
454,747816857231626240,1316,5346,pembroke,,0.4,A,https://t.co/L3U0j14N5R,
455,747600769478692864,619,2545,chesapeake_bay_retriever,,1.0,Bookstore,https://t.co/eUGjGjjFVJ,
456,747594051852075008,1205,4065,basenji,,1.1,,https://t.co/Ie2mWXWjpr,
457,747512671126323200,1803,6110,cardigan,,1.0,,https://t.co/12lICZN2SP,
458,746872823977771008,2429,6593,pembroke,,1.1,A,https://t.co/9e48aPrBm2,
459,746818907684614144,1944,5807,ibizan_hound,,1.3,,https://t.co/CuNA7OwfKQ,
460,746790600704425984,1806,5345,boston_bull,,1.0,,https://t.co/jeWEGUgbXf,
461,746369468511756288,1854,6637,german_shepherd,,0.9,An,https://t.co/5qpBTTpgUt,
462,746131877086527488,2511,7565,chow,,1.0,Gustav,https://t.co/uRI7HBgGJX,
463,746056683365994496,931,3904,shetland_sheepdog,,1.1,Arlen,https://t.co/VJgbgIzIHx,pupper
464,745789745784041472,1207,4437,pekinese,,1.0,Gus,https://t.co/3wc246LOtu,
465,745433870967832576,2894,7824,basset,,1.0,Lenox,https://t.co/oYbVR4nBsR,doggo
466,745057283344719872,2585,7945,shetland_sheepdog,,1.2,Oliver,https://t.co/BkgU3rrsXA,
467,744995568523612160,716,3277,old_english_sheepdog,,0.9,Abby,https://t.co/2FPb45NXrK,puppo
468,744971049620602880,3042,8652,toy_poodle,,1.2,Indie,https://t.co/KgSEkrPA3r,
469,744709971296780288,1771,6150,shetland_sheepdog,,1.0,Harvey,https://t.co/zAzaRT6NnT,
470,743980027717509120,1231,4551,bull_mastiff,,1.1,Geno,https://t.co/Kxda28JmQ2,
471,743609206067040256,1560,4917,weimaraner,,1.0,Stark,https://t.co/YwfN1lbpKA,
472,743253157753532416,1366,4624,malamute,,1.0,Kilo,https://t.co/gSmp31Zrsx,puppo
473,743222593470234624,2164,6792,kuvasz,,1.2,A,https://t.co/xOBKCdpzaa,pupper
474,743210557239623680,1560,4215,golden_retriever,,1.0,Kayla,https://t.co/EkLku795aO,
475,742423170473463808,4319,10812,pug,,1.2,Bell,https://t.co/BXIuvkQO9b,
476,742150209887731712,1783,5661,french_bulldog,,0.8,Edmund,https://t.co/PprXoqZuKY,pupper
477,741743634094141440,3144,8945,labrador_retriever,,1.1,Aqua,https://t.co/rYxJ0UQtbE,pupper
478,741438259667034112,937,4026,chesapeake_bay_retriever,,0.9,Tucker,https://t.co/pXU77HPbJ5,
479,741303864243200000,3650,9631,chihuahua,,1.2,Theodore,https://t.co/O4iw9NlLaQ,
480,741067306818797568,3520,10342,golden_retriever,,1.2,Just,https://t.co/o5J479bZUC,doggopupper
481,740676976021798912,7724,19881,norwegian_elkhound,,1.1,Baloo,https://t.co/sMbMw5Z2XC,pupper
482,740359016048689152,967,3610,golden_retriever,,0.9,Chase,https://t.co/0HmBk5sSbW,
483,740214038584557568,2220,7335,chesapeake_bay_retriever,,1.0,Getting,https://t.co/0yolOOyD3X,
484,739979191639244800,6719,21898,irish_water_spaniel,,1.2,Nollie,https://t.co/7AKdkCOlMf,
485,739932936087216128,1217,4443,redbone,,1.0,Rorie,https://t.co/yctnFptdQ1,
486,739844404073074688,966,4138,toy_poodle,,1.2,Simba,https://t.co/4qiuC0lXq5,
487,739606147276148736,1876,5897,blenheim_spaniel,,0.9,Benji,https://t.co/sLUC4th3Zj,pupper
488,739544079319588864,24319,43694,labrador_retriever,,1.0,,https://t.co/zxw8d5g94P,
489,739485634323156992,3309,7887,walker_hound,,0.6,Kyle,https://t.co/rRULp7XFnO,
490,738885046782832640,1283,4127,american_staffordshire_terrier,,1.1,Charles,https://t.co/EfejX3iRGr,
491,738883359779196928,917,3661,labrador_retriever,,1.0,,https://t.co/9eCXpVExJc,
492,738537504001953792,1759,5575,chow,,1.1,Bayley,https://t.co/AxSiqAKEKu,puppo
493,738402415918125056,955,3599,cocker_spaniel,,1.0,,https://t.co/s96OYXZIfK,
494,738166403467907072,3828,9635,keeshond,,1.2,Axel,https://t.co/P8bgOMMTRs,
495,737826014890496000,2006,5757,vizsla,,1.0,Remy,https://t.co/EZx0YjPjPK,
496,737800304142471168,3904,10943,malamute,,1.0,Bella,https://t.co/KxkOgq80Xj,
497,737678689543020544,1509,5528,pembroke,,1.1,,https://t.co/VflvQLH2y5,
498,737445876994609152,5048,11302,samoyed,,1.3,,https://t.co/CaG9MzD3WT,floofer
499,736736130620620800,1972,4736,schipperke,,1.3,Chadrick,https://t.co/447tyBN0mW,
500,736225175608430592,3115,8901,labrador_retriever,,1.0,Very,https://t.co/qXteK6Atxc,
501,736010884653420544,3355,8652,golden_retriever,,1.0,,https://t.co/O1TLuYjsNS,
502,735991953473572864,1283,3934,cocker_spaniel,,1.1,Maxaroni,https://t.co/A216OjIdca,
503,735648611367784448,1237,4397,pembroke,,1.2,,https://t.co/t6TxTwTLEK,pupper
504,735256018284875776,993,3675,staffordshire_bullterrier,,0.8,Kellogg,https://t.co/MRYv7nDPyS,doggo
505,734912297295085568,572,2993,maltese_dog,,1.0,Jax,https://t.co/9MGouPwQmK,
506,734787690684657664,7102,13745,golden_retriever,,1.3,,https://t.co/BPoaHySYwA,
507,734776360183431168,608,2742,siberian_husky,,1.1,Livvie,https://t.co/qw07vhVHuO,
508,733822306246479872,1141,4015,lhasa,,1.0,Moose,https://t.co/mVfqRdppTL,floofer
509,733482008106668032,1065,3438,french_bulldog,,1.0,,https://t.co/jeAENpjH7L,
510,733109485275860992,17621,44619,golden_retriever,,1.2,,https://t.co/pG2inLaOda,doggopupper
511,732726085725589504,1003,3855,pomeranian,,1.1,Aldrick,https://t.co/QwiCVLPMNL,
512,732375214819057664,2838,8832,basset,,1.1,Kyle,https://t.co/aA2GiTGvlE,doggo
513,732005617171337216,6154,16324,english_setter,,1.1,Larry,https://t.co/ghyT4Ubk1r,
514,731285275100512256,1090,3798,pembroke,,1.2,Solomon,https://t.co/5phLAnGPTP,
515,730573383004487680,2435,5407,american_staffordshire_terrier,,1.0,Rooney,https://t.co/CnUl2uDBBV,pupper
516,730427201120833536,1176,3809,eskimo_dog,,1.1,Crystal,https://t.co/WyqNFvEulG,
517,730211855403241472,1182,4180,pug,,1.1,Ziva,https://t.co/K7pthJXjWE,
518,729823566028484608,1390,4358,kelpie,,1.3,Stefan,https://t.co/Ebjt6Y4fMh,
519,728760639972315136,1911,5090,pembroke,,1.3,,https://t.co/Cofwoy7Vpq,
520,728751179681943552,757,3032,saint_bernard,,1.0,Flurpson,https://t.co/XD3ort1PsE,
521,728387165835677696,1075,3999,collie,,1.2,Enchilada,https://t.co/SiaiTWgsfP,
522,728015554473250816,1219,4479,cocker_spaniel,,1.1,Rueben,https://t.co/Z167HgtnBi,pupper
523,727685679342333952,720,3206,border_collie,,1.2,Cilantro,https://t.co/yJ26LNuyj5,
524,727644517743104000,1962,6431,great_pyrenees,,1.3,,https://t.co/qv3aUwaouT,doggo
525,727286334147182592,920,3324,chihuahua,,0.9,,https://t.co/bbta2Q4URK,
526,727175381690781696,1540,4209,flat-coated_retriever,,1.0,Karll,https://t.co/vXLkvyNQHp,
527,726828223124897792,1124,3882,miniature_pinscher,,1.2,Bloop,https://t.co/DWNrPPXgHA,
528,726224900189511680,1302,4811,standard_poodle,,0.9,,https://t.co/Rgbni2Ns8z,
529,725786712245440512,1527,4537,chow,,1.1,Lillie,https://t.co/uIdGqug9rw,pupper
530,725729321944506368,2009,5646,boxer,,1.2,Lola,https://t.co/adQt5a6TZU,
531,724983749226668032,1462,4040,golden_retriever,,1.2,Fred,https://t.co/qFqLtudIiD,
532,724405726123311104,1847,5800,golden_retriever,,1.0,Ashleigh,https://t.co/nRUaKWnJfH,pupper
533,724049859469295616,1984,4738,border_collie,,1.0,Kreggory,https://t.co/XTsZTgilnT,
534,723912936180330496,1374,4236,samoyed,,1.2,Sugar,https://t.co/AhMfUu6Onm,
535,723673163800948736,1011,3291,golden_retriever,,1.0,Ivar,https://t.co/Dz6MiVssVU,
536,723179728551723008,2110,5761,norwegian_elkhound,,0.8,Jangle,https://t.co/8dNWp1cSEa,
537,722974582966214656,1764,4493,great_dane,,0.2,,https://t.co/eV1diwds8a,
538,722613351520608256,1831,5393,labrador_retriever,,1.2,Schnitzel,https://t.co/qjd0UJKYUY,
539,721503162398597120,2124,5086,pomeranian,,1.1,Panda,https://t.co/IOAk9i4UvE,
540,721001180231503872,686,2748,samoyed,,1.1,Oliver,https://t.co/AFzzKqR4tT,pupper
541,720775346191278080,760,2702,newfoundland,,1.0,Berkeley,https://t.co/XSEXdQupej,
542,720415127506415616,1681,4503,rottweiler,,1.0,,https://t.co/5Lra3e4rrw,
543,720389942216527872,2840,6974,pembroke,,1.1,Ralphé,https://t.co/Pb6iMmo0wk,
544,719991154352222208,1979,5281,golden_retriever,,1.0,,https://t.co/mvnBGaWULV,doggo
545,719551379208073216,2192,5515,malamute,,1.0,Harnold,https://t.co/S6JHaSMtln,
546,719367763014393856,827,3022,soft-coated_wheaten_terrier,,1.1,Sid,https://t.co/7mmjyearQW,
547,719332531645071360,1078,3711,dandie_dinmont,,1.1,Pippa,https://t.co/htrlmC7saz,
548,718971898235854848,1231,3818,golden_retriever,,1.0,Sadie,https://t.co/JRckDkZVRT,
549,718939241951195136,1973,5720,pembroke,,1.2,Otis,https://t.co/I9qoe1uEih,
550,718631497683582976,9126,20697,pomeranian,,1.0,,https://t.co/D9jbbmPmos,
551,718460005985447936,602,2846,boston_bull,,0.9,Bowie,https://t.co/JyNmyjy3fe,
552,718246886998687744,565,2115,chihuahua,,0.3,Alexanderson,https://t.co/FmxOpf2Sgl,
553,718234618122661888,1127,4217,malamute,,1.1,Suki,https://t.co/05S8oYztgb,
554,717841801130979328,670,2660,brittany_spaniel,,1.1,Barclay,https://t.co/ucOEfr2rjV,
555,717421804990701568,945,3446,miniature_pinscher,,0.9,Ebby,https://t.co/LBJqxMGaHi,
556,717047459982213120,2135,6826,golden_retriever,,1.2,Flávio,https://t.co/fGgleFiBPq,
557,716802964044845056,1317,4627,malinois,,1.0,Link,https://t.co/SbX4e6Yg3o,
558,716791146589110272,1474,5204,pomeranian,,1.1,Jennifur,https://t.co/h0trcJohYO,
559,716285507865542656,1225,3041,yorkshire_terrier,,1.2,Stephanus,https://t.co/WIWabMngQZ,
560,716080869887381504,1935,5272,golden_retriever,,1.1,,https://t.co/UACnoyi8zu,doggo
561,715928423106027520,987,3485,pug,,1.1,Bubbles,https://t.co/3BhMojONxq,
562,715733265223708672,1920,5093,dandie_dinmont,,1.0,A,https://t.co/cxl6xGY8B9,
563,715696743237730304,1454,4257,staffordshire_bullterrier,,1.0,Toby,https://t.co/cYPHuJYTjC,
564,715200624753819648,2110,5578,chihuahua,,1.2,Michelangelope,https://t.co/tvVDY0G911,
565,715009755312439296,1392,4550,chihuahua,,1.2,Siba,https://t.co/TjnI33RE1i,
566,714957620017307648,1595,4503,great_pyrenees,,1.0,Curtis,https://t.co/s8YcfZrWhK,
567,714606013974974464,1038,3938,norfolk_terrier,,1.2,,https://t.co/zO4eb7C4tG,pupper
568,714214115368108032,990,2480,pug,,1.3,,https://t.co/YMx4KWJUAB,
569,714141408463036416,1569,4673,labrador_retriever,,1.0,,https://t.co/O2RlKXigHu,
570,713919462244790272,869,3564,siberian_husky,,1.2,Kanu,https://t.co/7vyAzIURrE,
571,713761197720473600,1541,5308,brittany_spaniel,,1.2,Piper,https://t.co/QP6GHi5az9,
572,713177543487135744,3183,7854,whippet,,1.0,Lance,https://t.co/SqnG9Ap28J,
573,713175907180089344,1630,4851,malamute,,1.0,Opie,https://t.co/xT7XaY4gnW,
574,712809025985978368,7602,20378,labrador_retriever,,1.0,Stubert,https://t.co/HVGs5aAKAn,
575,712668654853337088,1367,4531,labrador_retriever,,1.0,Sunny,https://t.co/88aedAmxcl,
576,712097430750289920,1172,4144,labrador_retriever,,1.0,,https://t.co/8AGcQ4hIfK,
577,711998809858043904,138,0,kuvasz,7832140000,1.2,,https://t.co/j6FQGhxYuN,
578,711743778164514816,1101,3095,lakeland_terrier,,1.1,Roosevelt,https://t.co/QcSIRDpfVg,
579,711732680602345472,4653,9756,ibizan_hound,,1.0,,https://t.co/1KiuZqqOD4,
580,711363825979756544,1287,3996,pembroke,,1.1,,https://t.co/nJIXSPfedK,
581,711306686208872448,819,3596,dandie_dinmont,,0.3,,https://t.co/wcwoGOkZvz,
582,711008018775851008,710,3275,french_bulldog,,1.1,Chuckles,https://t.co/68iNM7B5gW,pupper
583,710833117892898816,606,2937,pembroke,,1.2,Sora,https://t.co/PmTR4kxZkq,
584,710283270106132480,580,2308,shih-tzu,,1.1,Gunner,https://t.co/ONuBILIYXZ,
585,710272297844797440,1425,4945,old_english_sheepdog,,1.1,Infuriating,https://t.co/odfLzBonG2,
586,710269109699739648,1257,2613,pug,,1.3,,https://t.co/OcCDb2bng5,
587,710153181850935296,1006,3153,cocker_spaniel,,1.1,Lacy,https://t.co/fG5Pk3Et1I,
588,710140971284037632,1008,3017,pekinese,,0.8,Tater,https://t.co/nLuPY3pY12,
589,710117014656950272,2233,5999,toy_poodle,,1.1,,https://t.co/h1OX2mLtxV,pupper
590,709566166965075968,1367,3865,chow,,1.2,Olaf,https://t.co/E9jaU59bh9,
591,709519240576036864,277,1620,cocker_spaniel,,0.9,Vince,https://t.co/aczGAV2dK4,
592,709449600415961088,665,2420,maltese_dog,,1.0,Karma,https://t.co/c6af6nYEPo,
593,709409458133323776,788,2855,shetland_sheepdog,,0.8,Billy,https://t.co/Yu0K98VZ9A,
594,709225125749587968,647,2615,labrador_retriever,,1.1,Walker,https://t.co/k6fEWHSALn,
595,709198395643068416,721,2634,borzoi,,0.9,,https://t.co/sedre1ivTK,
596,709042156699303936,1864,5197,rottweiler,,0.9,Klevin,https://t.co/7BkkVNu5pd,
597,708834316713893888,571,1860,eskimo_dog,,1.0,Malikai,https://t.co/Vd2FqHIIGn,
598,708738143638450176,917,2997,pomeranian,,1.1,Coco,https://t.co/wsCB6LFNxD,
599,708469915515297792,926,3357,chihuahua,,1.1,Bobble,https://t.co/VwDc6PTDzk,
600,708356463048204288,1520,3929,pug,,1.0,Oliver,https://t.co/oSuEGw0BhX,
601,708130923141795840,943,3707,french_bulldog,,1.1,,https://t.co/XKhobeGuvT,
602,708119489313951744,1102,2937,norwich_terrier,,0.9,Cooper,https://t.co/kDamUfeIpm,
603,708109389455101952,610,2124,staffordshire_bullterrier,,1.0,Remington,https://t.co/mhPSADiJmZ,
604,707969809498152960,1097,2941,toy_poodle,,1.1,Rufus,https://t.co/dGoTWNfIsm,
605,707776935007539200,1079,3593,miniature_pinscher,,1.1,Sadie,https://t.co/DB8fyeDs8B,
606,707420581654872064,789,2499,kuvasz,,0.4,Keurig,https://t.co/xOrUyj7K30,
607,707411934438625280,673,2486,lakeland_terrier,,1.1,,https://t.co/uQsCJ8pf51,pupper
608,707387676719185920,1490,3835,chihuahua,,1.0,Clarkus,https://t.co/XP5o7zGn0E,
609,707377100785885184,1214,3603,golden_retriever,,0.9,,https://t.co/iKThgKnW1j,
610,707297311098011648,903,3022,blenheim_spaniel,,1.0,Cassie,https://t.co/B6dmZmJBdK,
611,707059547140169728,759,2796,samoyed,,1.1,Cupcake,https://t.co/D7rorf4YKL,
612,707038192327901184,900,2404,pug,,1.0,Kathmandu,https://t.co/z0cs7E4Xjj,
613,707021089608753152,1540,4433,cocker_spaniel,,1.2,Tucker,https://t.co/gHtW5cgyy7,
614,707014260413456384,664,2502,chihuahua,,1.1,Ellie,https://t.co/15yCmd43zU,
615,706681918348251136,1103,3627,toy_poodle,,1.2,Katie,https://t.co/CFPIcGcwJv,
616,706644897839910912,1224,2814,chihuahua,,0.9,Shadow,https://t.co/cdOkfEpjFw,
617,706516534877929472,1150,3404,golden_retriever,,1.2,,https://t.co/KUS0xl7XIp,
618,706346369204748288,1035,3768,tibetan_mastiff,,1.2,Koda,https://t.co/VZV6oMJmU6,
619,706310011488698368,9034,23443,pembroke,,1.2,,https://t.co/GGmcTIkBbf,pupper
620,706291001778950144,522,1861,border_terrier,,1.1,,https://t.co/qy33OBcexg,
621,706265994973601792,1030,2979,papillon,,1.1,Kara,https://t.co/lA6a8GefrV,
622,706166467411222528,1819,5636,samoyed,,0.7,Dexter,https://t.co/sA7P3JSqiv,
623,705975130514706432,842,3397,staffordshire_bullterrier,,1.0,Adele,https://t.co/cfn81n3FLO,pupper
624,705970349788291072,1008,3440,golden_retriever,,1.2,Lucy,https://t.co/8tjnz1L8DI,
625,705786532653883392,596,2132,labrador_retriever,,1.1,,https://t.co/xwPE9faVZR,pupper
626,705428427625635840,1931,4188,chihuahua,,1.1,Ambrose,https://t.co/ih6epBOxIA,pupper
627,705239209544720384,854,3290,chihuahua,,1.1,Jimothy,https://t.co/wnsblfu7XE,
628,705223444686888960,900,2829,chesapeake_bay_retriever,,0.9,Bode,https://t.co/YMkxhGWUqv,
629,705102439679201280,585,2342,collie,,1.0,Terrenth,https://t.co/Pg18CDFC7Z,
630,704871453724954624,1245,4585,norfolk_terrier,,1.2,,https://t.co/mIQ1KoVsmU,
631,704859558691414016,612,2462,pug,,1.0,A,https://t.co/81mvJ0rGRu,pupper
632,704761120771465216,3257,7283,chihuahua,,1.3,,https://t.co/Lu0ECu5tO5,pupper
633,704499785726889984,1124,3212,chihuahua,,1.2,,https://t.co/dlF93GLnDc,
634,704364645503647744,3999,8804,pembroke,,1.2,Bisquick,https://t.co/5zX5XD3i6K,
635,704347321748819968,393,1729,brittany_spaniel,,1.0,Ralphson,https://t.co/INphk4ltkZ,pupper
636,704054845121142784,1028,3201,great_pyrenees,,1.2,A,https://t.co/9dpcw6MdWa,pupper
637,703774238772166656,526,2020,labrador_retriever,,1.0,,https://t.co/ZvxdB4i9AG,
638,703769065844768768,1276,3621,boxer,,1.0,,https://t.co/QQZDCYl6zT,
639,703611486317502464,1709,4229,pembroke,,1.0,Scooter,https://t.co/JSmX1FIEaW,pupper
640,703425003149250560,1559,4162,miniature_pinscher,,0.9,,https://t.co/6JYLpUmBrC,
641,703268521220972544,618,2152,kuvasz,,1.2,,https://t.co/eBcqv9SPkY,pupper
642,703079050210877440,3494,8064,pembroke,,1.1,A,https://t.co/hMjzhdUHaW,
643,702684942141153280,1215,3516,golden_retriever,,1.1,Lucy,https://t.co/d2b5C2R0aO,
644,702671118226825216,634,2398,bloodhound,,1.0,Rambo,https://t.co/MpH1Fe9LhZ,
645,702598099714314240,3712,11332,kelpie,,1.1,Sansa,https://t.co/IpAoztle2s,pupper
646,702321140488925184,1156,3604,west_highland_white_terrier,,1.2,,https://t.co/7u8mM99Tj5,
647,702276748847800320,860,2706,boston_bull,,1.1,,https://t.co/rSNCEiTtfI,
648,702217446468493312,1526,5268,golden_retriever,,0.9,,https://t.co/y35Y1TJERY,
649,701952816642965504,1149,4167,toy_poodle,,1.1,Rilo,https://t.co/KInss2PXyX,
650,701601587219795968,523,2299,chihuahua,,1.0,Coopson,https://t.co/MWw3pVMhJA,
651,701214700881756160,5812,13475,chihuahua,,1.2,,https://t.co/JKXh0NbBNL,
652,700890391244103680,653,2437,schipperke,,1.1,Chet,https://t.co/TBv7Qh1zxZ,
653,700847567345688576,558,2637,rhodesian_ridgeback,,1.0,Crouton,https://t.co/110Eeg7KW3,
654,700505138482569216,646,2487,norwegian_elkhound,,1.2,Kaia,https://t.co/5fMdH8GFaq,
655,700462010979500032,2031,4537,pomeranian,,0.6,Murphy,https://t.co/ALO02IAKCn,
656,700167517596164096,836,2903,beagle,,1.0,Dotsy,https://t.co/A0h4lnhU4s,
657,700143752053182464,3129,8282,golden_retriever,,1.0,,https://t.co/Fbdr5orUrJ,pupper
658,700029284593901568,661,2262,west_highland_white_terrier,,1.0,Coops,https://t.co/8Nuny4lLE3,
659,699801817392291840,1088,3345,golden_retriever,,1.1,Cooper,https://t.co/qI8yvqKG02,pupper
660,699779630832685056,1397,3039,malinois,,1.0,,https://t.co/B28ebc5LzQ,
661,699434518667751424,577,2384,golden_retriever,,1.2,,https://t.co/hTE2PEwGvi,pupper
662,699423671849451520,383,1505,pug,,1.0,,https://t.co/b8ncwl6TlE,
663,699413908797464576,688,2258,samoyed,,1.1,Miley,https://t.co/6r4GFZY5WS,
664,699370870310113280,497,2053,cairn,,1.1,Calbert,https://t.co/iNFIHvcVur,
665,699323444782047232,983,3466,labrador_retriever,,1.0,,https://t.co/Rizm1LWh4z,
666,699079609774645248,745,2677,schipperke,,0.8,Reagan,https://t.co/A2j2StfNgL,
667,699072405256409088,1325,3296,shih-tzu,,1.2,,https://t.co/7WrAWKdBac,
668,699036661657767936,1345,2863,chihuahua,,1.3,,https://t.co/7u6VnZ1UFe,
669,698989035503689728,1113,3701,norfolk_terrier,,1.3,Oliver,https://t.co/3BrRIWjG35,
670,698907974262222848,699,2787,german_short-haired_pointer,,1.0,,https://t.co/GXq43zFfBu,
671,698703483621523456,425,1608,brittany_spaniel,,0.7,Rusty,https://t.co/hEH19t1eFp,
672,698635131305795584,388,1400,samoyed,,1.2,,https://t.co/rb8nzVNh7F,
673,698549713696649216,704,2536,french_bulldog,,0.9,Claude,https://t.co/EPdQquc1dG,
674,698262614669991936,2268,5214,italian_greyhound,,1.1,Franklin,https://t.co/S712MJXulD,
675,698178924120031232,830,3084,chesapeake_bay_retriever,,1.0,Lily,https://t.co/BJbtCqGwZK,
676,697995514407682048,372,1665,staffordshire_bullterrier,,1.1,,https://t.co/yAASRDPJnQ,
677,697943111201378304,776,2638,great_dane,,1.0,Cassie,https://t.co/e8bj97CisO,
678,697575480820686848,572,2250,whippet,,0.8,Ole,https://t.co/PsqqotpBBQ,
679,697463031882764288,1552,3748,labrador_retriever,,1.1,,https://t.co/HppvrYuamZ,
680,697270446429966336,2087,5131,toy_poodle,,1.0,Bentley,https://t.co/7rS33sCKMS,
681,697259378236399616,1136,3611,great_dane,,0.8,Getting,https://t.co/iAeQNueou8,
682,697255105972801536,1315,3316,great_dane,,1.0,Charlie,https://t.co/Oe0XSGmfoP,
683,697242256848379904,751,2753,eskimo_dog,,1.0,Oakley,https://t.co/7GQ7BTxywN,
684,696886256886657024,2016,5317,kuvasz,,1.2,,https://t.co/WqoZtX9jmJ,
685,696754882863349760,396,1615,toy_poodle,,1.0,Reptar,https://t.co/l9k7TPP7Tp,
686,696713835009417216,757,2613,chesapeake_bay_retriever,,0.9,Trevith,https://t.co/6J8Ibwy1X6,pupper
687,696488710901260288,1166,2788,briard,,1.2,,https://t.co/zKzq4nIY86,
688,696405997980676096,1284,3531,borzoi,,0.7,Berb,https://t.co/CIFLjiTFwZ,
689,695816827381944320,1320,3287,pomeranian,,1.1,,https://t.co/VsQdLxrv9h,
690,695446424020918272,2026,4787,basenji,,1.2,,https://t.co/f9qlKiv39T,
691,695409464418041856,4017,9460,pug,,1.0,Bob,https://t.co/lORINwFXIV,
692,695095422348574720,684,2888,papillon,,1.2,Just,https://t.co/2L8pI0Z2Ib,pupper
693,695074328191332352,1239,3116,shih-tzu,,1.1,Lorenzo,https://t.co/dH3GzcjCtQ,pupper
694,695051054296211456,885,2918,boston_bull,,0.6,Brian,https://t.co/vityMwPKKi,
695,694356675654983680,328,1653,pomeranian,,1.0,,https://t.co/SQsEBWxPyG,pupper
696,694352839993344000,700,2244,australian_terrier,,1.0,Oliviér,https://t.co/6NgsQJuSBJ,
697,694329668942569472,569,2203,boxer,,0.9,Grady,https://t.co/oToIkYnEGn,pupper
698,694206574471057408,2297,4582,shih-tzu,,1.0,,https://t.co/Sd4qAdSRqI,
699,694183373896572928,1040,3236,pekinese,,0.9,Lola,https://t.co/pVebzwRioD,
700,693642232151285760,472,2790,scottish_deerhound,,0.9,Freddery,https://t.co/6BS9XEip9a,
701,693629975228977152,894,2685,pug,,1.2,,https://t.co/Tn9Mp0oPoJ,pupper
702,693622659251335168,422,1691,malamute,,1.0,,https://t.co/a1IrjaID3X,
703,693280720173801472,1403,3669,labrador_retriever,,1.0,Sadie,https://t.co/UzbhwXcLne,
704,693155686491000832,3622,8668,shih-tzu,,1.2,Dunkin,https://t.co/At8Kxc5H9U,
705,693109034023534592,695,1889,cocker_spaniel,,1.1,,https://t.co/NY3cPAZAIM,
706,693095443459342336,523,2056,yorkshire_terrier,,1.0,Milo,https://t.co/OhodPIDOpW,pupper
707,692919143163629568,838,2926,saint_bernard,,0.9,,https://t.co/TMpDHHGspy,
708,692905862751522816,998,2683,mexican_hairless,,1.0,Wally,https://t.co/EiF659Bgjn,pupper
709,692901601640583168,682,1971,soft-coated_wheaten_terrier,,1.0,,https://t.co/N0OADmCnVV,
710,692535307825213440,1529,3504,pug,,1.0,Amber,https://t.co/Dt360V2MYI,
711,692187005137076224,929,2768,siberian_husky,,1.2,A,https://t.co/krvbacIX0N,
712,692158366030913536,896,2369,pug,,1.0,Edgar,https://t.co/1NgMb9BTWB,
713,692017291282812928,1081,3153,tibetan_terrier,,0.9,Kingsley,https://t.co/BE4ahQ0IO2,
714,691444869282295808,955,2890,bernese_mountain_dog,,1.2,Bailey,https://t.co/YBENhr24FV,
715,691416866452082688,8689,21253,lakeland_terrier,,1.3,,https://t.co/fR1P3g5I6k,
716,691321916024623104,747,2828,rottweiler,,1.1,Molly,https://t.co/g4fiS8A9Ab,
717,691096613310316544,1019,3253,borzoi,,1.1,,https://t.co/fUacc13OrW,
718,690959652130045952,1421,3902,golden_retriever,,1.1,,https://t.co/DgXYBDMM3E,pupper
719,690735892932222976,1442,4134,golden_retriever,,1.3,Peaches,https://t.co/YrhkrTsoTt,
720,690690673629138944,898,2547,maltese_dog,,1.0,Cedrick,https://t.co/yS7T4gxKod,
721,690649993829576704,325,1435,mexican_hairless,,1.1,Hazel,https://t.co/CneG2ZbxHP,
722,690597161306841088,681,2163,lhasa,,1.1,Lolo,https://t.co/Nwi3SYe8KA,
723,690374419777196032,972,3560,kuvasz,,1.1,Phred,https://t.co/VpfFCKE28C,
724,690021994562220032,1180,3056,malamute,,1.0,Geoff,https://t.co/TmlwQWnmRC,
725,690015576308211712,836,2740,malamute,,1.2,,https://t.co/03XlvS8izg,pupper
726,689999384604450816,424,1561,standard_poodle,,1.0,Covach,https://t.co/fgMaP2zDMt,
727,689905486972461056,787,2651,pomeranian,,1.1,Gizmo,https://t.co/IE4ZblyZRY,pupper
728,689877686181715968,1344,3323,old_english_sheepdog,,0.9,Durg,https://t.co/5iH08ltkoe,
729,689599056876867584,6265,12795,cocker_spaniel,,1.1,,https://t.co/TRAri5iHzd,
730,689557536375177216,519,2257,eskimo_dog,,1.2,,https://t.co/WFh2FEbYzj,
731,689517482558820352,1609,3735,pembroke,,1.2,Carl,https://t.co/Wk3XCnmDvm,
732,689280876073582592,819,2197,chihuahua,,1.0,Herald,https://t.co/JR7hLnlgeS,
733,689154315265683456,1128,3348,cocker_spaniel,,0.9,,https://t.co/o47yitCn9N,
734,689143371370250240,579,2232,english_springer,,1.0,Trip,https://t.co/40w7TI5Axv,pupper
735,688916208532455424,983,3003,pembroke,,1.1,,https://t.co/A8X8fwS78x,pupper
736,688828561667567616,420,1508,cardigan,,0.9,Brad,https://t.co/dfCCK3tWfr,
737,688804835492233216,227,1043,malinois,,1.2,,https://t.co/PMeq6IedU7,
738,688789766343622656,759,2434,american_staffordshire_terrier,,0.8,Pubert,https://t.co/2TWxg0rgyG,
739,688385280030670848,5035,10180,golden_retriever,,1.2,Louis,https://t.co/vz2DukO0th,
740,687826841265172480,1292,2989,pomeranian,,1.2,Louis,https://t.co/17RGvOZO9P,
741,687664829264453632,576,2121,pug,,1.1,Opal,https://t.co/IAt3jRZ5ez,
742,687494652870668288,654,2104,rottweiler,,0.7,Marq,https://t.co/MHScqo5l8c,
743,687460506001633280,614,2243,boston_bull,,1.0,Kramer,https://t.co/jIcVW0xxmH,
744,687317306314240000,10411,22073,shih-tzu,,1.1,Tyrone,https://t.co/pRp1Npucbz,
745,687312378585812992,2146,4777,great_dane,,0.7,,https://t.co/yzGR9xjE9Q,pupper
746,687127927494963200,2591,6004,pug,,0.9,Gordon,https://t.co/a34N7QwKbb,
747,687096057537363968,695,2449,labrador_retriever,,1.1,,https://t.co/D7jYj6vdwC,pupper
748,686730991906516992,1350,4543,tibetan_mastiff,,1.2,,https://t.co/Kc84eFNhYU,
749,686683045143953408,912,3072,norwich_terrier,,1.1,Mona,https://t.co/pgD6h0yhgz,pupper
750,686618349602762752,1544,4042,rottweiler,,1.1,Olivia,https://t.co/yJVTi1DjJc,pupper
751,686358356425093120,776,2398,pug,,1.0,,https://t.co/95JJevQOWW,
752,686050296934563840,836,2420,pomeranian,,1.1,Flávio,https://t.co/BUyX7isHRg,
753,686034024800862208,1324,3424,great_dane,,1.2,,https://t.co/oSvRDuMm1D,
754,685973236358713344,611,2326,siberian_husky,,1.1,Lorelei,https://t.co/xbUoULOIS8,
755,685943807276412928,696,1801,papillon,,0.8,The,https://t.co/wbAcvFoNtn,pupper
756,685663452032069632,1656,3557,chesapeake_bay_retriever,,1.2,Brooks,https://t.co/AcVWe39nmM,
757,685641971164143616,885,3218,lakeland_terrier,,0.7,Otis,https://t.co/jJS8qQeuNO,pupper
758,685532292383666176,1298,3336,collie,,0.9,,https://t.co/GboDG8WhJG,
759,685325112850124800,4535,10471,golden_retriever,,1.0,,https://t.co/VGPH0TfESw,
760,685321586178670592,735,2910,boston_bull,,1.0,Rocky,https://t.co/MbgG95mUdu,
761,685307451701334016,496,2262,pomeranian,,1.1,Petrick,https://t.co/rwW7z1JAOF,floofer
762,685268753634967552,1371,3419,pug,,1.0,Hubertson,https://t.co/vzCl35fKlZ,pupper
763,685198997565345792,764,2566,old_english_sheepdog,,1.1,Alfie,https://t.co/530Yfbl5xo,
764,685169283572338688,1620,4489,bernese_mountain_dog,,1.1,Gerbald,https://t.co/UfGkB9Wrud,pupper
765,684940049151070208,1191,3523,border_collie,,1.2,Oreo,https://t.co/zNeLxJeAoL,
766,684926975086034944,552,3849,labrador_retriever,,1.1,Bruiser,https://t.co/PEXHuvSVD4,
767,684914660081053696,1662,3848,chow,,1.2,,https://t.co/AMDsllQs7a,
768,684902183876321280,605,2053,pembroke,,1.1,Perry,https://t.co/JVvIrUmTkR,
769,684800227459624960,1124,2979,miniature_schnauzer,,1.1,Theodore,https://t.co/J3Ld4fRbSy,
770,684594889858887680,4016,9843,weimaraner,,1.0,,https://t.co/uhQNehTpIu,
771,684481074559381504,1320,4249,chihuahua,,1.0,Pippa,https://t.co/nBtDeZ4yAb,
772,684460069371654144,628,2169,labrador_retriever,,1.0,Jeph,https://t.co/bicyOV6lju,
773,684241637099323392,3727,8999,pembroke,,1.2,Obi,https://t.co/feiPiq7z94,
774,684225744407494656,239,1369,golden_retriever,,1.1,,https://t.co/kRK51Y5ac3,pupper
775,684188786104872960,1343,3831,kelpie,,1.0,,https://t.co/e0gbl9VFpA,
776,684177701129875456,764,2215,chow,,1.0,Kulet,https://t.co/myUUwqJIs7,
777,683852578183077888,397,2111,toy_poodle,,1.0,Tiger,https://t.co/Yei0HzS3JN,
778,683849932751646720,1116,2896,mexican_hairless,,0.5,Jiminy,https://t.co/omln4LOy1x,
779,683481228088049664,1118,2878,keeshond,,1.1,Banjo,https://t.co/H7NZFumpKq,pupper
780,683462770029932544,761,2676,italian_greyhound,,0.8,,https://t.co/qFD8217fUT,pupper
781,683357973142474752,1059,3238,pembroke,,1.0,,https://t.co/g4G5tvfTVd,
782,683142553609318400,1173,3162,leonberg,,0.9,Brandy,https://t.co/hhIA3coiAJ,pupper
783,683111407806746624,1034,3736,cocker_spaniel,,1.0,Larry,https://t.co/h3X0jK8MVM,pupper
784,683078886620553216,634,2176,eskimo_dog,,0.9,,https://t.co/ny8mnXhGOW,pupper
785,683030066213818368,832,2370,boxer,,1.0,Lulu,https://t.co/h3ScYuz77J,
786,682429480204398592,1320,3769,whippet,,0.8,,https://t.co/5aFw7SWyxU,
787,682032003584274432,2294,7223,schipperke,,1.1,Ulysses,https://t.co/gPmJHmtgak,
788,681981167097122816,1161,3043,labrador_retriever,,1.2,Jimothy,https://t.co/VwdIk0OwVx,
789,681654059175129088,1045,2903,pomeranian,,1.2,Toffee,https://t.co/oEXEKt3MHu,pupper
790,681610798867845120,533,2100,toy_poodle,,1.2,,https://t.co/C7M8mnzHIK,
791,681579835668455424,1489,3893,rottweiler,,0.8,Apollo,https://t.co/ojUBrDCHLT,
792,681523177663676416,6620,15749,norfolk_terrier,,1.2,Carly,https://t.co/GQn2IopLud,
793,681339448655802368,4598,10202,labrador_retriever,,0.9,Asher,https://t.co/V3SWuHACkh,
794,681297372102656000,1091,3490,lhasa,,1.2,Actually,https://t.co/Pp26dMQxap,
795,681281657291280384,1258,3520,saint_bernard,,1.1,Sarge,https://t.co/KvVoBIgkje,
796,681231109724700672,540,2629,irish_setter,,1.1,,https://t.co/P16uhh1PbI,pupper
797,680970795137544192,749,2665,pug,,0.9,,https://t.co/CXSJZ4Stk3,
798,680934982542561280,497,2285,labrador_retriever,,1.0,Sadie,https://t.co/g2bTu4ayPl,
799,680913438424612864,705,2609,pomeranian,,1.1,Griswold,https://t.co/5NrpNDyFzN,
800,680889648562991104,418,1945,shetland_sheepdog,,0.9,Cheesy,https://t.co/cH2H7mch2H,
801,680836378243002368,1513,3766,pembroke,,1.2,Ellie,https://t.co/BF4BW8LUgb,pupper
802,680801747103793152,925,2600,pug,,1.0,,https://t.co/31npKUAox0,
803,680497766108381184,2162,4639,chihuahua,,1.2,Percy,https://t.co/QGM5Fcuv7s,
804,680145970311643136,1972,3955,miniature_poodle,,1.0,Kawhi,https://t.co/N5pM6WBx7e,pupper
805,680100725817409536,1554,3891,golden_retriever,,1.1,,https://t.co/lvMYbmKq8H,pupper
806,680070545539371008,994,2818,shih-tzu,,0.9,Emmie,https://t.co/Fh7geodBCU,
807,680055455951884288,8067,18278,samoyed,,1.0,Sammy,https://t.co/MQfPK4zwuh,
808,679854723806179328,1402,3143,chow,,0.7,Bruce,https://t.co/RtxxACzZ8A,
809,679828447187857408,15839,39726,chihuahua,,1.3,,https://t.co/hyAC5Hq9GC,pupper
810,679777920601223168,1281,3390,bloodhound,,1.0,Rinna,https://t.co/PA0czwucsb,pupper
811,679736210798047232,918,2311,french_bulldog,,0.9,,https://t.co/iazoiNUviP,
812,679729593985699840,937,2367,west_highland_white_terrier,,0.8,Hunter,https://t.co/DbUTDI3u1R,
813,679722016581222400,539,1817,boxer,,0.8,Mike,https://t.co/NL5QJwdEpF,
814,679511351870550016,1461,3711,chihuahua,,0.7,William,https://t.co/bwuV6FlRxr,
815,679475951516934144,728,2304,maltese_dog,,0.9,Evy,https://t.co/VITeF0Kl9L,
816,679462823135686656,21324,34856,toy_poodle,,1.1,Hurley,https://t.co/M6vqkt2GKV,
817,679158373988876288,9193,23568,pug,,1.1,Rubio,https://t.co/NLOHmlENag,
818,679111216690831360,2893,6514,kelpie,,1.2,Officially,https://t.co/4R0Cc0sLVE,
819,679047485189439488,781,2460,golden_retriever,,0.9,,https://t.co/kTpr9PTMg1,
820,678969228704284672,528,1796,labrador_retriever,,1.1,Lola,https://t.co/etpBNXwN7f,
821,678800283649069056,1018,2810,labrador_retriever,,1.2,,https://t.co/DpCSVsl6vu,pupper
822,678798276842360832,1350,3804,airedale,,0.7,Linda,https://t.co/blaY85FIxR,
823,678764513869611008,544,1788,irish_terrier,,1.0,Wilson,https://t.co/m6XoclB0qv,
824,678755239630127104,3741,7802,malamute,,1.0,Dash,https://t.co/NqcOwG8pxW,
825,678740035362037760,1926,4099,beagle,,0.6,Tango,https://t.co/p2T5kGebxe,
826,678446151570427904,1785,4358,staffordshire_bullterrier,,1.0,,https://t.co/AJWJHov5gx,
827,678424312106393600,2880,5916,maltese_dog,,0.2,Crystal,https://t.co/rtMtjSl9pz,
828,678410210315247616,2072,4640,schipperke,,1.0,Jerome,https://t.co/dIy88HwrX8,
829,678399652199309312,30742,61794,bedlington_terrier,,1.2,,https://t.co/VRTbo3aAcm,
830,678396796259975168,478,1731,pembroke,,1.2,,https://t.co/LmThv0GWen,
831,678389028614488064,473,2044,miniature_pinscher,,1.1,Bella,https://t.co/auOoKuoveM,pupper
832,678380236862578688,1020,2655,samoyed,,1.0,Crumpet,https://t.co/a0Zx5LDFZa,
833,678341075375947776,612,1896,golden_retriever,,1.2,,https://t.co/cSp6w5GWgm,pupper
834,678334497360859136,304,1427,norfolk_terrier,,1.0,Rosie,https://t.co/GO76MdGBs0,
835,678278586130948096,6857,12531,maltese_dog,,1.0,,https://t.co/JK8MByRzgj,pupper
836,678255464182861824,418,1726,chihuahua,,0.9,Jessifer,https://t.co/nZhmRwZzWv,
837,677918531514703872,463,1476,eskimo_dog,,1.0,,https://t.co/lWL2IMJqLR,
838,677895101218201600,2384,5275,dalmatian,,0.9,,https://t.co/EJImi1udYb,
839,677716515794329600,1104,3323,chow,,1.2,,https://t.co/ZanVtAtvIq,
840,677557565589463040,1322,2665,shih-tzu,,1.0,,https://t.co/96IBkOYB7j,pupper
841,677547928504967168,4076,7568,american_staffordshire_terrier,,1.2,,https://t.co/AGag0hFHpe,
842,677530072887205888,250,1161,staffordshire_bullterrier,,0.9,Axel,https://t.co/DKe9DBnnHE,
843,677334615166730240,328,1477,lakeland_terrier,,0.9,,https://t.co/KmMv3Y2zI8,
844,677331501395156992,265,1189,beagle,,0.9,Humphrey,https://t.co/FS7eJQM2F4,
845,677328882937298944,1693,3938,kelpie,,1.0,Derek,https://t.co/KgcsGNb61s,
846,677301033169788928,471,1362,japanese_spaniel,,0.5,Juckson,https://t.co/IoLRvF0Kak,
847,677269281705472000,790,2164,shetland_sheepdog,,1.0,The,https://t.co/ep8ATEJwRb,pupper
848,677187300187611136,1033,2981,english_setter,,0.9,,https://t.co/gzI0m6wXRo,
849,676957860086095872,907,2395,labrador_retriever,,1.0,,https://t.co/ngTNXYQF0L,
850,676936541936185344,5515,13809,chesapeake_bay_retriever,,0.8,,https://t.co/mqvaxleHRz,pupper
851,676864501615042560,808,2294,chesapeake_bay_retriever,,1.0,Ash,https://t.co/NJj2uP0atK,
852,676811746707918848,469,1536,chihuahua,,0.9,Penny,https://t.co/aqBHjjh5VD,
853,676617503762681856,1108,3149,chihuahua,,1.3,,https://t.co/mpQl2rJjDh,pupper
854,676606785097199616,490,2039,malinois,,1.2,,https://t.co/N5QL4ySBEx,
855,676603393314578432,440,1280,whippet,,0.9,Godzilla,https://t.co/g1tLGkyaxr,pupper
856,676582956622721024,312,1310,boston_bull,,0.8,Vinnie,https://t.co/vZYtynZZlH,
857,676533798876651520,621,2025,chow,,1.2,,https://t.co/bfw13CnuuZ,
858,676430933382295552,385,1526,golden_retriever,,1.0,Duke,https://t.co/3bim9U5Idr,
859,676263575653122048,609,2243,toy_poodle,,1.0,,https://t.co/fTgbq1UBR9,pupper
860,676219687039057920,31989,67100,whippet,,1.0,Kenneth,https://t.co/uQt37xlYMJ,
861,676101918813499392,1284,3042,shih-tzu,,1.1,Striker,https://t.co/B3xxSLjQSH,
862,676089483918516224,483,1431,bull_mastiff,,0.9,,https://t.co/Cuz0Osnekp,
863,675888385639251968,1067,2581,west_highland_white_terrier,,1.0,,https://t.co/06oZdehGEa,
864,675878199931371520,1570,4531,cardigan,,1.1,,https://t.co/sfsVCGIipI,
865,675870721063669760,632,1783,golden_retriever,,1.1,,https://t.co/QG708dDNH6,
866,675853064436391936,1460,2927,labrador_retriever,,1.1,,https://t.co/y93p6FLvVw,pupper
867,675845657354215424,1000,2477,pug,,1.0,Pepper,https://t.co/40dj4eTsXG,pupper
868,675822767435051008,591,1652,pomeranian,,1.0,,https://t.co/GK2HJtkdQk,
869,675798442703122432,3787,11101,beagle,,1.0,Bernie,https://t.co/whQKMygnK6,
870,675781562965868544,537,1750,maltese_dog,,1.1,Buddah,https://t.co/DVAqAnb624,
871,675710890956750848,928,2046,standard_schnauzer,,1.2,Lenny,https://t.co/JWi6YrpiO1,
872,675707330206547968,771,2154,staffordshire_bullterrier,,1.1,,https://t.co/ALJvbtcwf0,
873,675706639471788032,106,693,english_springer,,1.0,A,https://t.co/7E0AiJXPmI,
874,675534494439489536,470,1953,chow,,1.1,A,https://t.co/H7kpabTfLj,
875,675531475945709568,428,1276,pembroke,,1.0,Ellie,https://t.co/c9jmg3Xtzn,
876,675522403582218240,316,1122,cocker_spaniel,,1.0,Sammy,https://t.co/rO2zxf0OQ0,
877,675517828909424640,507,1414,scottish_deerhound,,1.2,,https://t.co/XDiQw4Akiw,
878,675497103322386432,1443,3397,vizsla,,1.1,Reggie,https://t.co/h3AWz4AzuC,
879,675489971617296384,672,1406,west_highland_white_terrier,,1.0,,https://t.co/MnTrKaQ8Wn,
880,675432746517426176,627,1623,labrador_retriever,,1.2,,https://t.co/wNkqAED6lG,pupper
881,675362609739206656,262,1136,labrador_retriever,,1.2,Daisy,https://t.co/cZlkvgRPdn,
882,675354435921575936,18963,35178,golden_retriever,,1.3,,https://t.co/Bb3xnpsWBC,
883,675349384339542016,2532,4237,borzoi,,1.3,,https://t.co/ZQZf2U4xCP,
884,675334060156301312,1436,3007,pembroke,,1.2,,https://t.co/2d68FmWGGs,pupper
885,675147105808306176,273,1026,golden_retriever,,1.0,,https://t.co/f50mbB4UWS,
886,675146535592706048,349,1300,cardigan,,0.7,Coops,https://t.co/Uz52oYnHzF,
887,675145476954566656,1011,2305,labrador_retriever,,0.9,,https://t.co/YDgstgIDGs,
888,675111688094527488,283,1042,labrador_retriever,,0.8,Oliver,https://t.co/lFU9W31Fg9,
889,675015141583413248,1335,2918,golden_retriever,,1.0,Moe,https://t.co/JAncIdNp8G,
890,675006312288268288,252,1057,boxer,,1.0,Mollie,https://t.co/QMmAqA9VqO,pupper
891,674999807681908736,1232,2433,rottweiler,,1.3,,https://t.co/i9CDd1oEu8,
892,674805413498527744,391,934,english_springer,,1.0,,https://t.co/vqFkgYPCW8,
893,674800520222154752,949,3240,pembroke,,1.1,Tedders,https://t.co/cMI2AcLm4B,
894,674793399141146624,1225,2697,giant_schnauzer,,1.3,,https://t.co/HwroPYv8pY,
895,674790488185167872,278,1180,labrador_retriever,,1.3,,https://t.co/L1puJISV1a,
896,674788554665512960,230,871,miniature_poodle,,0.9,Maggie,https://t.co/P3ElQ2wsjb,
897,674774481756377088,532,1213,chihuahua,,1.1,Superpup,https://t.co/gxIFgg8ktm,pupper
898,674764817387900928,263,852,samoyed,,1.0,,https://t.co/RBiQ8hPqwr,
899,674752233200820224,516,1580,vizsla,,1.2,,https://t.co/rLf7asnHxO,
900,674743008475090944,607,1514,bernese_mountain_dog,,1.0,Sophie,https://t.co/VagYftZccT,
901,674739953134403584,437,1194,dandie_dinmont,,1.1,,https://t.co/URNs5zFskc,
902,674737130913071104,103,693,pomeranian,,1.0,Rufio,https://t.co/KNfLnYPmYh,pupper
903,674670581682434048,729,1751,malamute,,0.9,Jeb,https://t.co/NRNExUy9Hm,
904,674646392044941312,557,1533,flat-coated_retriever,,0.5,,https://t.co/YPfw7oahbD,
905,674644256330530816,311,1111,basset,,1.1,,https://t.co/m6aC8d1Kzp,
906,674468880899788800,2275,6676,chow,,1.3,Louis,https://t.co/6d9WziPXmx,
907,674447403907457024,393,1137,brabancon_griffon,,1.0,,https://t.co/AyJ7Ohk71f,pupper
908,674436901579923456,426,1198,shih-tzu,,0.9,Bailey,https://t.co/CLEOjxhTEx,
909,674422304705744896,592,1536,golden_retriever,,1.2,Ava,https://t.co/BxTJAFSIgk,
910,674416750885273600,157,731,chihuahua,,1.0,Jonah,https://t.co/7qjXy1uUYY,
911,674410619106390016,515,1289,beagle,,1.0,Lenny,https://t.co/CZ0YaB40Hn,
912,674394782723014656,635,1607,lakeland_terrier,,0.8,Gary,https://t.co/cAlB4XCcsi,
913,674291837063053312,6533,15817,cardigan,,1.1,Kenny,https://t.co/2S6oye3XqK,
914,674271431610523648,800,1682,german_shepherd,,1.0,,https://t.co/3aXX6wH6it,
915,674262580978937856,498,1391,greater_swiss_mountain_dog,,0.9,Gus,https://t.co/gJS1qU0jP7,pupper
916,674255168825880576,619,1581,eskimo_dog,,1.0,Bobbay,https://t.co/r6LZN1o1Gx,
917,674082852460433408,186,804,pomeranian,,1.1,A,https://t.co/Bko5kFJYUU,
918,674075285688614912,316,1047,airedale,,1.1,Mitch,https://t.co/7jOPktauh4,
919,674053186244734976,1441,3576,cardigan,,1.0,Stanley,https://t.co/gQAMg5ypW5,
920,674051556661161984,530,1564,shih-tzu,,1.0,Lucy,https://t.co/YE2XDHy4Yk,
921,674042553264685056,142,772,toy_poodle,,1.2,,https://t.co/sAI6gCGZYX,
922,674024893172875264,1360,1914,pomeranian,,1.0,,https://t.co/qzYXbyv0SJ,
923,674019345211760640,340,1208,collie,,1.0,Acro,https://t.co/fqiEsTduEs,
924,674014384960745472,714,1676,pembroke,,1.1,Aiden,https://t.co/Ac37LOe3xD,
925,673919437611909120,401,1251,schipperke,,1.1,Obie,https://t.co/cdwPTsGEAb,pupper
926,673906403526995968,1799,3406,soft-coated_wheaten_terrier,,0.3,,https://t.co/t5rQHl6W8M,
927,673708611235921920,315,1153,golden_retriever,,1.2,Riley,https://t.co/kLV8zUCfc8,
928,673707060090052608,434,1177,german_short-haired_pointer,,1.0,Raymond,https://t.co/QyH1CaY3SM,pupper
929,673686845050527744,479,1544,pekinese,,1.1,George,https://t.co/wImU0jdx3E,
930,673680198160809984,521,1460,samoyed,,1.3,Shnuggles,https://t.co/GwvpQiQ7oQ,
931,673662677122719744,397,1339,labrador_retriever,,1.2,Kendall,https://t.co/fJulMurnfj,
932,673636718965334016,404,1194,pug,,1.0,A,https://t.co/gKlLpNzIl3,
933,673583129559498752,403,1273,golden_retriever,,1.1,Sandy,https://t.co/JpoEvgbDug,
934,673359818736984064,728,1558,english_setter,,0.8,Steve,https://t.co/EPq0MRAraJ,
935,673352124999274496,597,1761,golden_retriever,,1.2,,https://t.co/az5PLGzVNJ,
936,673343217010679808,289,1038,chihuahua,,1.1,,https://t.co/dNUbKOSiWW,
937,673342308415348736,649,1362,chihuahua,,1.0,Django,https://t.co/w0YTuiRd1a,pupper
938,673320132811366400,8705,14441,samoyed,,1.1,Frankie,https://t.co/iJABMhVidf,
939,673317986296586240,293,924,miniature_pinscher,,1.0,,https://t.co/juX48bWpng,
940,673295268553605120,3484,8046,golden_retriever,,0.8,Eve,https://t.co/U36HYQIijg,pupper
941,673240798075449344,798,1510,airedale,,0.6,,https://t.co/1euKoOvy49,
942,673213039743795200,929,2410,schipperke,,1.0,Dexter,https://t.co/CbvCUE6PFI,
943,672995267319328768,328,1001,french_bulldog,,0.8,Pumpkin,https://t.co/odpuqtz2Fq,
944,672988786805112832,314,1039,lakeland_terrier,,1.0,Schnozz,https://t.co/a3zYMcvbXG,pupper
945,672980819271634944,1079,1930,basset,,0.5,,https://t.co/ufHWUFA9Pu,
946,672975131468300288,1015,1813,pug,,1.0,Chuckles,https://t.co/ZlcF0TIRW1,pupper
947,672968025906282496,602,1405,toy_poodle,,1.1,Gustaf,https://t.co/7CbO2eMAgJ,
948,672640509974827008,348,1032,chesapeake_bay_retriever,,0.9,Leonidas,https://t.co/uNrmYDUa9M,
949,672604026190569472,445,1188,toy_poodle,,1.1,A,https://t.co/xHXNaPAYRe,
950,672594978741354496,661,1411,great_pyrenees,,0.9,Scott,https://t.co/jyXbZ35MYz,pupper
951,672538107540070400,404,1089,chihuahua,,0.7,Darby,https://t.co/rSndxTL0Ap,
952,672523490734551040,189,696,golden_retriever,,1.0,,https://t.co/EH0N3dFKUi,
953,672488522314567680,482,1187,doberman,,1.0,Jackie,https://t.co/rVfi6CCidK,
954,672481316919734272,137,757,border_collie,,1.2,Jazz,https://t.co/mVCMemhXAP,pupper
955,672254177670729728,800,1515,pug,,1.1,Rolf,https://t.co/OO6MqEbqG3,pupper
956,672248013293752320,656,1833,irish_terrier,,1.0,,https://t.co/uhx5gfpx5k,
957,672245253877968896,169,733,chihuahua,,1.2,Snickers,https://t.co/aCRKDaFmVr,
958,672239279297454080,347,953,pug,,0.7,Ridley,https://t.co/UHJE0UgMf7,
959,672222792075620352,231,833,beagle,,0.9,Cal,https://t.co/EW4MsOrF5O,
960,672205392827572224,1270,2414,pug,,0.9,Opal,https://t.co/yRBQF9OS7D,pupper
961,672169685991993344,408,1074,cocker_spaniel,,1.0,Bradley,https://t.co/AjBkGTyCeO,
962,672160042234327040,395,918,pug,,0.8,Bubba,https://t.co/aNkkl5nH3W,pupper
963,672125275208069120,1253,2578,golden_retriever,,1.1,Just,https://t.co/LquQZiZjJP,
964,672095186491711488,395,1063,pug,,0.9,Tuco,https://t.co/ujnWy26RMe,
965,672082170312290304,402,1003,toy_poodle,,1.1,Patch,https://t.co/WTJtf9O8Jg,
966,671896809300709376,4519,9016,chow,,1.0,Lola,https://t.co/eqmkr2gmPH,
967,671866342182637568,548,1191,labrador_retriever,,1.0,Dylan,https://t.co/FWJQ1zQLiI,
968,671789708968640512,3811,7527,dalmatian,,1.3,Space,https://t.co/SfPQ2KeLdq,
969,671768281401958400,572,1269,chihuahua,,1.0,,https://t.co/TASnD8Q08S,
970,671743150407421952,248,779,toy_poodle,,1.1,A,https://t.co/2IslQ8ZSc7,
971,671735591348891648,819,1534,irish_wolfhound,,1.1,Oscar,https://t.co/TON0Irzgwr,
972,671561002136281088,7931,13679,gordon_setter,,1.3,The,https://t.co/q6RsuOVYwU,
973,671542985629241344,616,1166,shetland_sheepdog,,1.0,Jd,https://t.co/zzueJV9jCF,
974,671536543010570240,441,1253,pug,,0.9,Reginald,https://t.co/1U5Ro5FA4c,
975,671518598289059840,319,1010,lakeland_terrier,,0.9,Scruffers,https://t.co/nLQoltwEZ7,
976,671486386088865792,226,621,german_shepherd,,1.0,Malcolm,https://t.co/ympkwF65Dx,
977,671485057807351808,253,806,samoyed,,1.1,Penelope,https://t.co/CqcRagJlyS,
978,671357843010908160,157,426,italian_greyhound,,0.9,,https://t.co/lS1TIDagIb,
979,671355857343524864,119,508,miniature_poodle,,1.0,Lou,https://t.co/FoCULrC3rD,
980,671186162933985280,241,788,chihuahua,,1.0,Sparky,https://t.co/96tMaWyoWt,
981,671182547775299584,378,1193,rottweiler,,1.2,,https://t.co/F7xwE0wmnu,
982,671163268581498880,1198,1763,scottish_deerhound,,0.8,,https://t.co/U7DQQdZ0mX,
983,671138694582165504,448,996,samoyed,,1.0,,https://t.co/ycVJyFFkES,
984,671134062904504320,212,796,shih-tzu,,0.8,Clarence,https://t.co/BHxr9O7wJY,
985,671122204919246848,2763,3729,chihuahua,,0.4,,https://t.co/WzVLdSHJU7,
986,671115716440031232,842,1436,malinois,,0.6,Phred,https://t.co/mZD7Bo7HfV,
987,670995969505435648,317,1175,redbone,,1.2,,https://t.co/N9W5L7BLTm,
988,670840546554966016,213,634,shih-tzu,,1.0,Colby,https://t.co/jBnz3MjTzX,
989,670832455012716544,242,780,malinois,,1.0,Amy,https://t.co/Hj2HtxpcSx,
990,670823764196741120,205,824,labrador_retriever,,1.2,Remington,https://t.co/m3ufSDwHHJ,
991,670822709593571328,105,647,chihuahua,,1.0,,https://t.co/yrqGyMZhW6,
992,670815497391357952,1708,3410,american_staffordshire_terrier,,1.0,Sage,https://t.co/nLYruSMRe6,
993,670811965569282048,295,1202,basset,,1.0,Maggie,https://t.co/eYP9i9gfYn,
994,670807719151067136,546,1234,old_english_sheepdog,,1.1,Andy,https://t.co/idzH8JH06g,
995,670804601705242624,1035,2098,pomeranian,,1.0,Mason,https://t.co/DM3ZP3AA7b,
996,670803562457407488,95,362,basenji,,1.0,,https://t.co/9ZuGAmLZDR,
997,670789397210615808,255,700,beagle,,0.9,,https://t.co/RGcNPsmAfY,
998,670786190031921152,218,640,pembroke,,0.8,Creg,https://t.co/3r7wznfuoa,
999,670780561024270336,317,831,labrador_retriever,,0.7,Traviss,https://t.co/Viu56hVhhP,
1000,670778058496974848,77,345,pug,,1.0,,https://t.co/4g5kFdxp6g,
1001,670755717859713024,123,475,keeshond,,0.9,Gin,https://t.co/F6bI9dF16E,
1002,670717338665226240,547,1301,pomeranian,,1.2,,https://t.co/W2MCt9pTed,
1003,670679630144274432,315,799,ibizan_hound,,0.8,Pluto,https://t.co/HMcD9SLOAN,
1004,670676092097810432,45,267,dandie_dinmont,,0.8,Bloo,https://t.co/IAc1QCczMc,
1005,670452855871037440,225,580,malamute,,1.1,,https://t.co/35BcGFdEAK,
1006,670444955656130560,2153,7120,english_springer,,1.0,Paull,https://t.co/J5Mqn8VeYq,
1007,670442337873600512,213,690,sussex_spaniel,,1.1,Koda,https://t.co/mzPoS9wCqp,
1008,670435821946826752,570,1127,basenji,,1.0,,https://t.co/sQuKwSKtDE,
1009,670434127938719744,708,1501,chesapeake_bay_retriever,,1.1,Hank,https://t.co/cwoP1ftbrj,
1010,670433248821026816,122,345,giant_schnauzer,,1.0,Sam,https://t.co/PXnCdz8qzK,
1011,670428280563085312,694,1484,chow,,1.1,Willy,https://t.co/Fm1SvVLsad,
1012,670421925039075328,709,1415,chihuahua,,1.2,Herb,https://t.co/tLRyYvCci3,
1013,670403879788544000,173,460,pug,,1.0,Nigel,https://t.co/vSd1TWFK1I,
1014,670385711116361728,234,593,whippet,,0.8,Larry,https://t.co/MAZx8MPF0S,
1015,670374371102445568,295,785,english_springer,,1.2,Daisy,https://t.co/8yzgYzP94K,
1016,670319130621435904,1359,4110,irish_terrier,,1.1,,https://t.co/QnfO7HEQGA,
1017,670303360680108032,151,452,shetland_sheepdog,,0.9,A,https://t.co/yV3Qgjh8iN,
1018,670290420111441920,315,750,chihuahua,,1.1,Sandra,https://t.co/orbkAq9kYF,
1019,670093938074779648,365,1106,toy_poodle,,0.9,Wally,https://t.co/vYs9IVzHY9,
1020,670086499208155136,275,740,german_short-haired_pointer,,1.0,,https://t.co/DuQXATW27f,
1021,670073503555706880,874,1674,malamute,,1.0,Winston,https://t.co/exGrzT9O88,
1022,670040295598354432,118,801,borzoi,,1.0,,https://t.co/5iYF0Ci0EK,
1023,670003130994700288,100,352,beagle,,1.0,Raphael,https://t.co/3NTykJmtHt,
1024,669970042633789440,65,317,miniature_pinscher,,1.0,Julio,https://t.co/aeURGO9Qs8,
1025,669942763794931712,183,536,vizsla,,1.1,Andru,https://t.co/1VJoY3OJ1F,
1026,669753178989142016,431,858,pembroke,,1.0,Chester,https://t.co/63jh1tYZa5,
1027,669683899023405056,119,412,pomeranian,,1.0,Kloey,https://t.co/NvKJRYDosA,
1028,669680153564442624,311,712,dalmatian,,0.8,Shawwn,https://t.co/IQFZKNUlXx,
1029,669625907762618368,1963,3769,golden_retriever,,1.2,Penny,https://t.co/eqeWw67oU7,
1030,669603084620980224,401,1006,maltese_dog,,1.0,,https://t.co/MSIbWu4YYs,
1031,669597912108789760,163,550,eskimo_dog,,1.0,Skye,https://t.co/XmCvma01fF,
1032,669573570759163904,156,467,west_highland_white_terrier,,1.0,Linda,https://t.co/UpFFYhA1Id,
1033,669393256313184256,83,383,cocker_spaniel,,1.0,Ronduh,https://t.co/juktj5qiaD,
1034,669375718304980992,792,1425,airedale,,0.6,Billl,https://t.co/ero0XfdGtY,
1035,669371483794317312,196,524,brabancon_griffon,,1.0,Oliviér,https://t.co/fj4c170cxk,
1036,669359674819481600,134,390,labrador_retriever,,1.1,Saydee,https://t.co/Eh2v0AyJbi,
1037,669354382627049472,1390,2889,chihuahua,,0.8,Dug,https://t.co/JtA1TG21Xx,
1038,669353438988365824,281,687,pembroke,,1.0,Tessa,https://t.co/qDS1aCqppv,
1039,669328503091937280,452,1081,siberian_husky,,1.2,Kirk,https://t.co/0twoigv5jP,
1040,669327207240699904,127,610,golden_retriever,,1.3,,https://t.co/6WGFp9cuj6,
1041,669324657376567296,223,525,cardigan,,1.1,Ralf,https://t.co/R5Z6jBTdhc,
1042,669203728096960512,522,1074,pug,,0.9,Samsom,https://t.co/HPoce45SI3,
1043,669037058363662336,336,698,chihuahua,,1.0,,https://t.co/Lh1BsJrWPp,
1044,669006782128353280,269,610,chihuahua,,1.2,Tucker,https://t.co/k0ddVUWTcu,
1045,669000397445533696,6965,22118,pembroke,,1.1,Terrance,https://t.co/ixcuUYCbdD,
1046,668994913074286592,254,468,english_springer,,0.5,,https://t.co/w5oYFXi0uh,
1047,668989615043424256,356,726,pug,,0.3,Bernie,https://t.co/1zBp1moFlX,
1048,668986018524233728,183,578,chihuahua,,0.9,Ruby,https://t.co/j0Wpa42KCH,
1049,668979806671884288,382,842,golden_retriever,,1.2,Chaz,https://t.co/uxdOfblUB0,
1050,668960084974809088,263,757,chesapeake_bay_retriever,,1.0,Jaycob,https://t.co/952hUV6RiK,
1051,668902994700836864,107,338,brittany_spaniel,,1.1,Lambeau,https://t.co/UqCvpSgMJe,
1052,668872652652679168,322,566,miniature_schnauzer,,1.1,Amélie,https://t.co/up0MHRxelf,
1053,668852170888998912,184,479,golden_retriever,,1.1,Bobb,https://t.co/OmxouCZ8IY,
1054,668826086256599040,150,467,malinois,,1.0,Banditt,https://t.co/Ko7eCsFpnI,
1055,668815180734689280,291,610,redbone,,0.7,A,https://t.co/IGmVbz07tZ,
1056,668779399630725120,409,749,chesapeake_bay_retriever,,1.0,Kevon,https://t.co/YVAJgWHzPW,
1057,668655139528511488,233,562,beagle,,1.1,Winifred,https://t.co/mwnBN6ZkPt,
1058,668641109086707712,573,1145,pug,,1.0,Hanz,https://t.co/pKJK23j0QZ,
1059,668636665813057536,528,1114,komondor,,1.0,An,https://t.co/EM5fDykrJg,
1060,668631377374486528,349,763,miniature_schnauzer,,0.5,Zeek,https://t.co/fvVNScw8VH,
1061,668627278264475648,123,341,french_bulldog,,0.9,Timofy,https://t.co/3FuNbzyPwo,
1062,668625577880875008,140,417,groenendael,,1.0,Maks,https://t.co/0zBycaxyvs,
1063,668623201287675904,851,1551,chihuahua,,1.0,Jomathan,https://t.co/TIhVKEIPqj,
1064,668567822092664832,62,265,shih-tzu,,1.1,Marvin,https://t.co/81kzPgqjQ3,
1065,668542336805281792,231,497,american_staffordshire_terrier,,1.0,,https://t.co/VvYVbsi6c3,
1066,668528771708952576,242,496,labrador_retriever,,1.2,Gòrdón,https://t.co/zpdBQCcYgW,
1067,668507509523615744,116,345,basenji,,1.0,A,https://t.co/HvNg9JWxFt,
1068,668496999348633600,146,436,staffordshire_bullterrier,,0.8,Jo,https://t.co/Edy7B5vOp2,
1069,668297328638447616,319,656,eskimo_dog,,0.9,,https://t.co/P8bivfp5sU,
1070,668286279830867968,149,535,golden_retriever,,1.1,Rusty,https://t.co/C8U6cxI1Jc,
1071,668274247790391296,248,886,soft-coated_wheaten_terrier,,1.0,Sophie,https://t.co/3j9kZRcpVB,
1072,668268907921326080,261,592,pembroke,,1.0,,https://t.co/aeZykWwiJN,
1073,668256321989451776,667,1385,pembroke,,1.3,Jareld,https://t.co/L6qAEV5PAd,
1074,668248472370458624,523,1056,chihuahua,,0.8,Bisquick,https://t.co/1XYRh8N00K,
1075,668237644992782336,3100,6614,chow,,1.0,Torque,https://t.co/TnSRDqYO5i,
1076,668221241640230912,215,537,chow,,1.0,,https://t.co/4pw1QQ6udh,
1077,668190681446379520,210,696,blenheim_spaniel,,1.2,Skittles,https://t.co/2wm0POA9N2,
1078,668171859951755264,208,525,chihuahua,,0.7,A,https://t.co/XpseHBlAAb,
1079,668113020489474048,265,709,pembroke,,0.6,Alfie,https://t.co/GCJzm3YsfX,
1080,667902449697558528,396,905,norwegian_elkhound,,0.9,Cleopatricia,https://t.co/sJeHdGUt0W,
1081,667886921285246976,1180,2011,pomeranian,,1.1,Erik,https://t.co/MT7Q4aDQS1,
1082,667861340749471744,86,253,malamute,,0.9,A,https://t.co/J4GnJ5Swba,
1083,667832474953625600,68,303,miniature_pinscher,,1.2,,https://t.co/z1xPTgVLc7,
1084,667806454573760512,535,1111,chihuahua,,1.0,Filup,https://t.co/TBmDJXJB75,
1085,667801013445750784,101,346,flat-coated_retriever,,1.2,,https://t.co/SVMF4Frf1w,
1086,667793409583771648,358,736,dalmatian,,0.8,,https://t.co/s1z7mX4c9O,
1087,667728196545200128,162,398,kuvasz,,1.1,Olive,https://t.co/LwrCwlWwPB,
1088,667544320556335104,568,917,pomeranian,,1.0,Kial,https://t.co/8zcwIoiuqR,
1089,667538891197542400,72,220,yorkshire_terrier,,0.9,A,https://t.co/IQTOMqDUIe,
1090,667534815156183040,576,866,pembroke,,0.8,Frank,https://t.co/CpPxD28IpV,
1091,667530908589760512,264,501,golden_retriever,,1.0,Naphaniel,https://t.co/xoRWyQTcmy,
1092,667524857454854144,1198,1798,chesapeake_bay_retriever,,1.2,,https://t.co/seESNzgsdm,
1093,667517642048163840,203,389,italian_greyhound,,0.8,Dook,https://t.co/fh5KflzBR0,
1094,667509364010450944,2272,7148,beagle,,1.2,,https://t.co/0aDF62KVP7,
1095,667491009379606528,242,559,borzoi,,0.7,,https://t.co/ITxxcc4v9y,
1096,667470559035432960,102,273,toy_poodle,,1.1,A,https://t.co/J4vn2rOYFk,
1097,667455448082227200,66,203,tibetan_terrier,,0.7,Reese,https://t.co/uLzRi1drVK,
1098,667453023279554560,96,327,labrador_retriever,,1.1,Cupcake,https://t.co/6uLCWR9Efa,
1099,667435689202614272,89,326,rottweiler,,1.2,,https://t.co/PQni2sjPsm,
1100,667405339315146752,234,489,saint_bernard,,0.7,Biden,https://t.co/3Fm9PwLju1,
1101,667393430834667520,60,211,papillon,,0.8,Fwed,https://t.co/A37eGLz5WS,
1102,667211855547486208,258,516,golden_retriever,,0.9,Genevieve,https://t.co/azEoGqVonH,
1103,667192066997374976,115,414,rottweiler,,1.2,,https://t.co/QCugm5ydl6,
1104,667177989038297088,58,200,vizsla,,0.8,A,https://t.co/jpaeu6LNmW,
1105,667176164155375616,484,640,soft-coated_wheaten_terrier,,0.4,,https://t.co/PZxSarAfSN,
1106,667174963120574464,88,262,toy_poodle,,0.9,Clarence,https://t.co/fGDWgukcBs,
1107,667171260800061440,97,235,giant_schnauzer,,1.0,Kenneth,https://t.co/6RHNRsByOY,
1108,667138269671505920,2387,4851,west_highland_white_terrier,,1.0,,https://t.co/0DvHAMdA4V,
1109,667119796878725120,135,346,pembroke,,1.0,Gabe,https://t.co/3LZrJzg3BJ,
1110,667073648344346624,134,425,chihuahua,,1.0,Dave,https://t.co/DPSamreuRq,
1111,667044094246576128,54,198,golden_retriever,,1.2,,https://t.co/QZAnwgnOMB,
1112,666996132027977728,102,258,rottweiler,,1.0,Carll,https://t.co/SVpNbhaIMk,
1113,666835007768551424,83,222,airedale,,1.0,,https://t.co/ZnEMHBsAs1,
1114,666817836334096384,267,540,miniature_schnauzer,,0.9,Jeph,https://t.co/8whlkYw3mO,
1115,666804364988780544,95,250,english_setter,,0.8,Jockson,https://t.co/RdKbAOEpDK,
1116,666781792255496192,211,404,italian_greyhound,,1.0,A,https://t.co/uEvsGLOFHa,
1117,666776908487630848,186,368,miniature_pinscher,,0.5,Josep,https://t.co/XNGeDwrtYH,
1118,666701168228331520,234,449,labrador_retriever,,0.8,A,https://t.co/uQbZJM2DQB,
1119,666691418707132416,51,196,german_shepherd,,0.8,Christoper,https://t.co/bg4TqvvkuF,
1120,666644823164719104,88,238,ibizan_hound,,0.9,Jimothy,https://t.co/LEkZjZxESQ,
1121,666435652385423360,54,170,chesapeake_bay_retriever,,1.0,,https://t.co/GlFZPzqcEU,
1122,666428276349472768,90,171,pembroke,,0.7,,https://t.co/NMQq6HIglK,
1123,666421158376562688,118,327,blenheim_spaniel,,1.2,,https://t.co/YMcrXC2Y6R,
1124,666418789513326592,48,129,toy_terrier,,1.0,Walter,https://t.co/qXpcwENTvn,
1125,666407126856765440,44,113,black-and-tan_coonhound,,0.7,A,https://t.co/LopTBkKa8h,
1126,666396247373291520,92,172,chihuahua,,0.9,,https://t.co/Dc7b0E8qFE,
1127,666353288456101888,77,229,malamute,,0.8,,https://t.co/tltQ5w9aUO,
1128,666345417576210432,146,307,golden_retriever,,1.0,,https://t.co/VFKG1vxGjB,
1129,666337882303524864,96,204,newfoundland,,0.9,An,https://t.co/QpRjllzWAL,
1130,666287406224695296,71,152,maltese_dog,,0.5,An,https://t.co/d9NcXFKwLv,
1131,666273097616637952,82,184,italian_greyhound,,1.1,,https://t.co/ws2AMaNwPW,
1132,666102155909144576,16,81,english_setter,,1.1,,https://t.co/11LvqN4WLq,
1133,666099513787052032,73,164,lhasa,,0.8,,https://t.co/Ri4nMTLq5C,
1134,666073100786774016,174,335,walker_hound,,1.0,,https://t.co/Yk6GHE9tOY,
1135,666071193221509120,67,154,gordon_setter,,0.9,,https://t.co/ZoL8kq2XFx,
1136,666058600524156928,61,115,miniature_poodle,,0.8,The,https://t.co/pYAJkAe76p,
1137,666057090499244032,146,304,golden_retriever,,0.9,A,https://t.co/yWBqbrzy8O,
1138,666044226329800704,147,311,rhodesian_ridgeback,,0.6,A,https://t.co/DWnyCjf2mx,
1139,666029285002620928,48,132,redbone,,0.7,A,https://t.co/r7mOb2m0UI,
